-- 1. user_role 테이블에 역할 추가
INSERT INTO user_role (role_name, created_at, updated_at)
VALUES ('USER', CURRENT_TIMESTAMP, CURRENT_TIMESTAMP);

-- 2. user_status 테이블에 상태 추가
INSERT INTO user_status (status_name, created_at, updated_at)
VALUES ('ACTIVE', CURRENT_TIMESTAMP, CURRENT_TIMESTAMP);

-- 3. route_tag 테이블에 태그 추가
INSERT INTO route_tag_category (name, created_at, updated_at)
VALUES ('한강 자전거길', CURRENT_TIMESTAMP, CURRENT_TIMESTAMP);
INSERT INTO route_tag_category (name, created_at, updated_at)
VALUES ('국토종주길', CURRENT_TIMESTAMP, CURRENT_TIMESTAMP);
INSERT INTO route_tag_category (name, created_at, updated_at)
VALUES ('산악 도로', CURRENT_TIMESTAMP, CURRENT_TIMESTAMP);
INSERT INTO route_tag_category (name, created_at, updated_at)
VALUES ('평지 도로', CURRENT_TIMESTAMP, CURRENT_TIMESTAMP);
INSERT INTO route_tag_category (name, created_at, updated_at)
VALUES ('위험한 공도', CURRENT_TIMESTAMP, CURRENT_TIMESTAMP);

-- 4. lightning_tag 테이블에 태그 추가
INSERT INTO lightning_tag_category (name, created_at, updated_at)
VALUES ('샤방법', CURRENT_TIMESTAMP, CURRENT_TIMESTAMP);
INSERT INTO lightning_tag_category (name, created_at, updated_at)
VALUES ('오픈라이딩', CURRENT_TIMESTAMP, CURRENT_TIMESTAMP);
INSERT INTO lightning_tag_category (name, created_at, updated_at)
VALUES ('따폭연', CURRENT_TIMESTAMP, CURRENT_TIMESTAMP);
INSERT INTO lightning_tag_category (name, created_at, updated_at)
VALUES ('장거리', CURRENT_TIMESTAMP, CURRENT_TIMESTAMP);
INSERT INTO lightning_tag_category (name, created_at, updated_at)
VALUES ('따릉이', CURRENT_TIMESTAMP, CURRENT_TIMESTAMP);
INSERT INTO lightning_tag_category (name, created_at, updated_at)
VALUES ('친목', CURRENT_TIMESTAMP, CURRENT_TIMESTAMP);

INSERT INTO ROUTE (
    ROUTE_ID, 
    ALTITUDE, 
    ALTITUDE_TYPE, 
    CREATED_AT, 
    DESCRIPTION, 
    DISTANCE, 
    DISTANCE_TYPE, 
    FILE_NAME, 
    FILE_TYPE, 
    LIKE_COUNT, 
    ORIGINAL_FILE_PATH, 
    REGION, 
    ROAD_TYPE, 
    ROUTE_IMG_ID, 
    ROUTE_NAME, 
    UPDATED_AT, 
    USER_ID
)
VALUES
(1, 508.40, '힐리', '2025-02-21 09:22:56.042254', '분원리를 돌아봐요', 71.15, '중거리', '118p 분원리코스.gpx', 'GPX', 0, 'https://taiso-web-gpx-file-space.s3.ap-southeast-2.amazonaws.com/users/2/8b4003ec-8702-4c25-88c1-c4c671234891.gpx', '경기', '자전거도로', 'https://taiso-web-gpx-file-space.s3.ap-southeast-2.amazonaws.com/static-maps/composite_1740097381913.png', '분원리 코스', '2025-02-21 09:23:05.166136', 2),
(2, 953.53, '평지', '2025-02-21 09:23:35.343431', '하트하트', 66.45, '중거리', '하트코스.gpx', 'GPX', 0, 'https://taiso-web-gpx-file-space.s3.ap-southeast-2.amazonaws.com/users/2/6f6bf65f-fa79-4d9e-acd8-e586148df089.gpx', '경기', '자전거도로', 'https://taiso-web-gpx-file-space.s3.ap-southeast-2.amazonaws.com/static-maps/composite_1740097417879.png', '하트코스', '2025-02-21 09:23:39.533138', 2),
(3, 959.90, '힐리', '2025-02-21 09:24:18.282306', '여행을떠나요', 122.63, '장거리', '국토종주 섬진강 자전거길 여행 라이딩 계획 버전.gpx', 'GPX', 0, 'https://taiso-web-gpx-file-space.s3.ap-southeast-2.amazonaws.com/users/2/ded50973-1637-4776-b4c7-6e24e65efe1c.gpx', '전라', '공도', 'https://taiso-web-gpx-file-space.s3.ap-southeast-2.amazonaws.com/static-maps/composite_1740097460880.png', '섬진강 자전거길', '2025-02-21 09:24:22.302427', 2),
(4, 86.11, '평지', '2025-02-21 09:24:51.582868', '옷거리', 25.10, '단거리', '탄합출발-옷걸이.gpx', 'GPX', 0, 'https://taiso-web-gpx-file-space.s3.ap-southeast-2.amazonaws.com/users/2/d5e548b6-6271-4a57-9dfb-279526935aed.gpx', '서울', '자전거도로', 'https://taiso-web-gpx-file-space.s3.ap-southeast-2.amazonaws.com/static-maps/composite_1740097493319.png', '한강 옷걸이', '2025-02-21 09:24:59.015543', 2),
(5, 682.20, '마운틴', '2025-02-21 09:26:11.613671', '도선사', 6.30, '단거리', '102p 도선사.gpx', 'GPX', 0, 'https://taiso-web-gpx-file-space.s3.ap-southeast-2.amazonaws.com/users/2/af9729ab-e286-41a3-a4f2-4a7dbe9d7930.gpx', '서울', '산길', 'https://taiso-web-gpx-file-space.s3.ap-southeast-2.amazonaws.com/static-maps/composite_1740097574078.png', '도선사', '2025-02-21 09:26:16.079114', 2),
(6, 268.40, '평지', '2025-02-21 09:27:24.115912', '평화를누려요', 68.37, '중거리', '평화누리자전거길1,2.gpx', 'GPX', 0, 'https://taiso-web-gpx-file-space.s3.ap-southeast-2.amazonaws.com/users/2/f57238dd-fa33-4129-bb38-dc9fce47473a.gpx', '경기', '자전거도로', 'https://taiso-web-gpx-file-space.s3.ap-southeast-2.amazonaws.com/static-maps/composite_1740097649246.png', '평화누리자전거길', '2025-02-21 09:27:31.721542', 2),
(7, 262.20, '평지', '2025-02-21 09:28:28.076957', '영종도', 33.10, '중거리', '237p 영종도.gpx', 'GPX', 0, 'https://taiso-web-gpx-file-space.s3.ap-southeast-2.amazonaws.com/users/2/4f5d2b7a-2dee-4722-b212-227e948ace12.gpx', '인천', '자전거도로', 'https://taiso-web-gpx-file-space.s3.ap-southeast-2.amazonaws.com/static-maps/composite_1740097711999.png', '영종도', '2025-02-21 09:28:34.745937', 2),
(8, 86.11, '평지', '2025-02-21 09:30:53.590034', '탄합에서 출발합니다', 25.10, '중거리', '탄합출발-옷걸이.gpx', 'GPX', 0, 'https://taiso-web-gpx-file-space.s3.ap-southeast-2.amazonaws.com/users/2/81d7c660-f216-4638-aa3d-af560378c5a1.gpx', '서울', '자전거도로', 'https://taiso-web-gpx-file-space.s3.ap-southeast-2.amazonaws.com/static-maps/composite_1740097856056.png', '탄합 출발 옷걸이', '2025-02-21 09:31:01.79052', 2),
(9, 455.60, '힐리', '2025-02-21 09:31:57.474436', '휴양해요', 17.49, '중거리', '148p 산음자연휴양림.gpx', 'GPX', 0, 'https://taiso-web-gpx-file-space.s3.ap-southeast-2.amazonaws.com/users/2/79970015-7663-47ea-9dcd-a66374e78ae4.gpx', '경기', '산길', 'https://taiso-web-gpx-file-space.s3.ap-southeast-2.amazonaws.com/static-maps/composite_1740097921771.png', '산음 자연 휴양림', '2025-02-21 09:32:05.341715', 2),
(10, 479.60, '평지', '2025-02-21 09:33:34.882295', '경춘선', 36.06, '중거리', '112p 경춘선 자전거길.gpx', 'GPX', 0, 'https://taiso-web-gpx-file-space.s3.ap-southeast-2.amazonaws.com/users/2/9d403bfa-b131-4270-8454-31927f904315.gpx', '경기', '자전거도로', 'https://taiso-web-gpx-file-space.s3.ap-southeast-2.amazonaws.com/static-maps/composite_1740098017821.png', '경춘선 자전거길', '2025-02-21 09:33:40.475627', 2);



CREATE TABLE IF NOT EXISTS ROUTE_POINT (
    ROUTE_POINT_ID INT PRIMARY KEY,
    ELEVATION DECIMAL(5, 2),
    LATITUDE DECIMAL(9, 6),
    LONGITUDE DECIMAL(9, 6),
    SEQUENCE INT,
    ROUTE_ID INT
);
INSERT INTO ROUTE_POINT (ROUTE_POINT_ID, ELEVATION, LATITUDE, LONGITUDE, SEQUENCE, ROUTE_ID) VALUES
(	1	,	29.6	,	37.573438	,	127.202726	,	0	,	1	)	,
(	2	,	29.4	,	37.575048	,	127.203269	,	1	,	1	)	,
(	3	,	31	,	37.57632	,	127.204538	,	2	,	1	)	,
(	4	,	33	,	37.576433	,	127.204908	,	3	,	1	)	,
(	5	,	30.8	,	37.574843	,	127.206712	,	4	,	1	)	,
(	6	,	30.8	,	37.571492	,	127.209287	,	5	,	1	)	,
(	7	,	30.8	,	37.568251	,	127.211504	,	6	,	1	)	,
(	8	,	30.8	,	37.566749	,	127.212267	,	7	,	1	)	,
(	9	,	28.8	,	37.552429	,	127.218031	,	8	,	1	)	,
(	10	,	28.8	,	37.550529	,	127.218559	,	9	,	1	)	,
(	11	,	28.8	,	37.549098	,	127.2184	,	10	,	1	)	,
(	12	,	28.8	,	37.548892	,	127.218494	,	11	,	1	)	,
(	13	,	28.8	,	37.54865	,	127.219134	,	12	,	1	)	,
(	14	,	26.6	,	37.552899	,	127.221768	,	13	,	1	)	,
(	15	,	26.6	,	37.552994	,	127.222326	,	14	,	1	)	,
(	16	,	26.6	,	37.547477	,	127.228634	,	15	,	1	)	,
(	17	,	26.6	,	37.546534	,	127.230027	,	16	,	1	)	,
(	18	,	26.6	,	37.545253	,	127.232686	,	17	,	1	)	,
(	19	,	26.6	,	37.545	,	127.232771	,	18	,	1	)	,
(	20	,	26.6	,	37.544521	,	127.232434	,	19	,	1	)	,
(	21	,	26.6	,	37.544386	,	127.232508	,	20	,	1	)	,
(	22	,	26.6	,	37.544238	,	127.233112	,	21	,	1	)	,
(	23	,	26.6	,	37.54477	,	127.233525	,	22	,	1	)	,
(	24	,	26.6	,	37.544774	,	127.233835	,	23	,	1	)	,
(	25	,	26.6	,	37.543246	,	127.2374	,	24	,	1	)	,
(	26	,	27.2	,	37.542786	,	127.237662	,	25	,	1	)	,
(	27	,	35	,	37.542393	,	127.238478	,	26	,	1	)	,
(	28	,	39.2	,	37.541857	,	127.240417	,	27	,	1	)	,
(	29	,	39.2	,	37.539992	,	127.244968	,	28	,	1	)	,
(	30	,	41.4	,	37.538566	,	127.249478	,	29	,	1	)	,
(	31	,	41.4	,	37.535506	,	127.25575	,	30	,	1	)	,
(	32	,	41.4	,	37.530383	,	127.265592	,	31	,	1	)	,
(	33	,	41.4	,	37.528992	,	127.269437	,	32	,	1	)	,
(	34	,	43.4	,	37.52707	,	127.274028	,	33	,	1	)	,
(	35	,	43.4	,	37.525838	,	127.275829	,	34	,	1	)	,
(	36	,	43.4	,	37.525631	,	127.275762	,	35	,	1	)	,
(	37	,	43.4	,	37.525155	,	127.276304	,	36	,	1	)	,
(	38	,	45.6	,	37.524333	,	127.277407	,	37	,	1	)	,
(	39	,	45.6	,	37.52407	,	127.278035	,	38	,	1	)	,
(	40	,	45.6	,	37.52282	,	127.279529	,	39	,	1	)	,
(	41	,	45.6	,	37.52037	,	127.28174	,	40	,	1	)	,
(	42	,	45.6	,	37.517932	,	127.283153	,	41	,	1	)	,
(	43	,	45.6	,	37.517435	,	127.283272	,	42	,	1	)	,
(	44	,	43.4	,	37.515004	,	127.28332	,	43	,	1	)	,
(	45	,	44.2	,	37.514173	,	127.283558	,	44	,	1	)	,
(	46	,	45.6	,	37.512596	,	127.283588	,	45	,	1	)	,
(	47	,	45.6	,	37.510496	,	127.284394	,	46	,	1	)	,
(	48	,	45.6	,	37.508502	,	127.284566	,	47	,	1	)	,
(	49	,	49.8	,	37.504675	,	127.28355	,	48	,	1	)	,
(	50	,	49.8	,	37.503697	,	127.283017	,	49	,	1	)	,
(	51	,	49.8	,	37.502939	,	127.283155	,	50	,	1	)	,
(	52	,	49.8	,	37.501952	,	127.282958	,	51	,	1	)	,
(	53	,	45.6	,	37.499673	,	127.284043	,	52	,	1	)	,
(	54	,	45.6	,	37.498868	,	127.283627	,	53	,	1	)	,
(	55	,	45.6	,	37.497917	,	127.282134	,	54	,	1	)	,
(	56	,	45.6	,	37.497355	,	127.281871	,	55	,	1	)	,
(	57	,	48	,	37.494838	,	127.282108	,	56	,	1	)	,
(	58	,	49.8	,	37.493707	,	127.282596	,	57	,	1	)	,
(	59	,	49.8	,	37.492976	,	127.282601	,	58	,	1	)	,
(	60	,	49.8	,	37.492894	,	127.282737	,	59	,	1	)	,
(	61	,	49.8	,	37.492417	,	127.282581	,	60	,	1	)	,
(	62	,	54	,	37.490861	,	127.28258	,	61	,	1	)	,
(	63	,	58.8	,	37.489877	,	127.283241	,	62	,	1	)	,
(	64	,	60.8	,	37.489356	,	127.283305	,	63	,	1	)	,
(	65	,	60.8	,	37.488623	,	127.28308	,	64	,	1	)	,
(	66	,	65	,	37.485792	,	127.281609	,	65	,	1	)	,
(	67	,	58.2	,	37.482212	,	127.281228	,	66	,	1	)	,
(	68	,	64.6	,	37.477185	,	127.279536	,	67	,	1	)	,
(	69	,	79.2	,	37.474422	,	127.277134	,	68	,	1	)	,
(	70	,	88	,	37.472812	,	127.27511	,	69	,	1	)	,
(	71	,	78.2	,	37.469241	,	127.273246	,	70	,	1	)	,
(	72	,	78.2	,	37.468339	,	127.272889	,	71	,	1	)	,
(	73	,	78.2	,	37.468189	,	127.272961	,	72	,	1	)	,
(	74	,	71.2	,	37.468514	,	127.275686	,	73	,	1	)	,
(	75	,	63.6	,	37.46899	,	127.277117	,	74	,	1	)	,
(	76	,	57.6	,	37.469994	,	127.279201	,	75	,	1	)	,
(	77	,	55.8	,	37.470217	,	127.280345	,	76	,	1	)	,
(	78	,	45.4	,	37.471376	,	127.292046	,	77	,	1	)	,
(	79	,	45.6	,	37.470771	,	127.302781	,	78	,	1	)	,
(	80	,	45.6	,	37.472183	,	127.307554	,	79	,	1	)	,
(	81	,	52.2	,	37.473918	,	127.30649	,	80	,	1	)	,
(	82	,	56.2	,	37.474607	,	127.306429	,	81	,	1	)	,
(	83	,	60.2	,	37.475359	,	127.306576	,	82	,	1	)	,
(	84	,	60.8	,	37.475719	,	127.306455	,	83	,	1	)	,
(	85	,	58.6	,	37.477189	,	127.305069	,	84	,	1	)	,
(	86	,	58.6	,	37.477781	,	127.304265	,	85	,	1	)	,
(	87	,	56	,	37.478855	,	127.304211	,	86	,	1	)	,
(	88	,	53.8	,	37.480038	,	127.303342	,	87	,	1	)	,
(	89	,	53.8	,	37.480453	,	127.30341	,	88	,	1	)	,
(	90	,	51.4	,	37.481207	,	127.303849	,	89	,	1	)	,
(	91	,	53.4	,	37.481603	,	127.30484	,	90	,	1	)	,
(	92	,	55.8	,	37.481932	,	127.305232	,	91	,	1	)	,
(	93	,	62	,	37.483023	,	127.305365	,	92	,	1	)	,
(	94	,	64.2	,	37.483866	,	127.30633	,	93	,	1	)	,
(	95	,	61.2	,	37.484973	,	127.306866	,	94	,	1	)	,
(	96	,	55	,	37.486266	,	127.306634	,	95	,	1	)	,
(	97	,	50.8	,	37.487002	,	127.306885	,	96	,	1	)	,
(	98	,	50	,	37.487931	,	127.306817	,	97	,	1	)	,
(	99	,	50	,	37.4888	,	127.305865	,	98	,	1	)	,
(	100	,	51.6	,	37.489146	,	127.305725	,	99	,	1	)	,
(	101	,	59.6	,	37.490269	,	127.306161	,	100	,	1	)	,
(	102	,	67	,	37.491256	,	127.305783	,	101	,	1	)	,
(	103	,	71.4	,	37.492025	,	127.30584	,	102	,	1	)	,
(	104	,	71.4	,	37.492265	,	127.305739	,	103	,	1	)	,
(	105	,	67	,	37.492704	,	127.304946	,	104	,	1	)	,
(	106	,	48.4	,	37.495034	,	127.302074	,	105	,	1	)	,
(	107	,	46.2	,	37.495216	,	127.301433	,	106	,	1	)	,
(	108	,	46.2	,	37.495502	,	127.301248	,	107	,	1	)	,
(	109	,	46.2	,	37.496363	,	127.301156	,	108	,	1	)	,
(	110	,	46.2	,	37.497218	,	127.30124	,	109	,	1	)	,
(	111	,	46.2	,	37.498012	,	127.301744	,	110	,	1	)	,
(	112	,	46.2	,	37.498214	,	127.302457	,	111	,	1	)	,
(	113	,	46.2	,	37.499054	,	127.302384	,	112	,	1	)	,
(	114	,	46.2	,	37.499785	,	127.302878	,	113	,	1	)	,
(	115	,	44	,	37.500332	,	127.304126	,	114	,	1	)	,
(	116	,	44	,	37.501235	,	127.304291	,	115	,	1	)	,
(	117	,	44	,	37.502248	,	127.30511	,	116	,	1	)	,
(	118	,	45.6	,	37.503111	,	127.306556	,	117	,	1	)	,
(	119	,	46	,	37.503617	,	127.307019	,	118	,	1	)	,
(	120	,	54.4	,	37.504488	,	127.308326	,	119	,	1	)	,
(	121	,	61.8	,	37.505782	,	127.308761	,	120	,	1	)	,
(	122	,	63.4	,	37.506414	,	127.309348	,	121	,	1	)	,
(	123	,	61.6	,	37.506945	,	127.310789	,	122	,	1	)	,
(	124	,	49.2	,	37.506662	,	127.312547	,	123	,	1	)	,
(	125	,	47	,	37.507347	,	127.313945	,	124	,	1	)	,
(	126	,	47	,	37.506912	,	127.315521	,	125	,	1	)	,
(	127	,	47	,	37.506941	,	127.316145	,	126	,	1	)	,
(	128	,	47	,	37.507228	,	127.316619	,	127	,	1	)	,
(	129	,	47	,	37.50847	,	127.31759	,	128	,	1	)	,
(	130	,	43	,	37.509304	,	127.316279	,	129	,	1	)	,
(	131	,	42.8	,	37.511326	,	127.312112	,	130	,	1	)	,
(	132	,	42.8	,	37.513342	,	127.313662	,	131	,	1	)	,
(	133	,	42.8	,	37.51496	,	127.31463	,	132	,	1	)	,
(	134	,	42.8	,	37.516095	,	127.315819	,	133	,	1	)	,
(	135	,	42.8	,	37.517026	,	127.316416	,	134	,	1	)	,
(	136	,	42.8	,	37.518397	,	127.316953	,	135	,	1	)	,
(	137	,	42.8	,	37.521747	,	127.317484	,	136	,	1	)	,
(	138	,	40.8	,	37.523436	,	127.318147	,	137	,	1	)	,
(	139	,	40.8	,	37.524125	,	127.318721	,	138	,	1	)	,
(	140	,	40.8	,	37.524409	,	127.318644	,	139	,	1	)	,
(	141	,	40.8	,	37.52457	,	127.318369	,	140	,	1	)	,
(	142	,	40.8	,	37.525492	,	127.319865	,	141	,	1	)	,
(	143	,	40.8	,	37.52601	,	127.321039	,	142	,	1	)	,
(	144	,	40.8	,	37.527239	,	127.322475	,	143	,	1	)	,
(	145	,	40.8	,	37.527594	,	127.323387	,	144	,	1	)	,
(	146	,	43	,	37.529177	,	127.325356	,	145	,	1	)	,
(	147	,	43	,	37.530321	,	127.328047	,	146	,	1	)	,
(	148	,	43	,	37.530983	,	127.330354	,	147	,	1	)	,
(	149	,	47.8	,	37.53139	,	127.332323	,	148	,	1	)	,
(	150	,	47.8	,	37.531373	,	127.33306	,	149	,	1	)	,
(	151	,	47.8	,	37.53123	,	127.333552	,	150	,	1	)	,
(	152	,	45.4	,	37.530809	,	127.334036	,	151	,	1	)	,
(	153	,	43.4	,	37.529497	,	127.334576	,	152	,	1	)	,
(	154	,	41.2	,	37.529321	,	127.334783	,	153	,	1	)	,
(	155	,	41.2	,	37.52961	,	127.334972	,	154	,	1	)	,
(	156	,	41.2	,	37.530084	,	127.335883	,	155	,	1	)	,
(	157	,	41.2	,	37.530546	,	127.335859	,	156	,	1	)	,
(	158	,	41.2	,	37.531354	,	127.335402	,	157	,	1	)	,
(	159	,	41.2	,	37.531616	,	127.335409	,	158	,	1	)	,
(	160	,	41.2	,	37.531909	,	127.335819	,	159	,	1	)	,
(	161	,	41.2	,	37.532	,	127.336818	,	160	,	1	)	,
(	162	,	41.2	,	37.531877	,	127.337063	,	161	,	1	)	,
(	163	,	41.2	,	37.531322	,	127.337275	,	162	,	1	)	,
(	164	,	41.2	,	37.531202	,	127.337588	,	163	,	1	)	,
(	165	,	41.2	,	37.531992	,	127.338103	,	164	,	1	)	,
(	166	,	41.2	,	37.532002	,	127.338564	,	165	,	1	)	,
(	167	,	41.2	,	37.531373	,	127.339652	,	166	,	1	)	,
(	168	,	41.2	,	37.532176	,	127.340494	,	167	,	1	)	,
(	169	,	41.2	,	37.532321	,	127.341222	,	168	,	1	)	,
(	170	,	41.2	,	37.53214	,	127.341441	,	169	,	1	)	,
(	171	,	41.2	,	37.531066	,	127.341218	,	170	,	1	)	,
(	172	,	41.2	,	37.530948	,	127.34133	,	171	,	1	)	,
(	173	,	41.2	,	37.531057	,	127.342368	,	172	,	1	)	,
(	174	,	41.2	,	37.531647	,	127.343026	,	173	,	1	)	,
(	175	,	41.2	,	37.531853	,	127.343706	,	174	,	1	)	,
(	176	,	41.2	,	37.53213	,	127.343789	,	175	,	1	)	,
(	177	,	41.2	,	37.533085	,	127.343594	,	176	,	1	)	,
(	178	,	41.2	,	37.533294	,	127.343692	,	177	,	1	)	,
(	179	,	41.2	,	37.533505	,	127.345103	,	178	,	1	)	,
(	180	,	41.2	,	37.532808	,	127.345455	,	179	,	1	)	,
(	181	,	41.2	,	37.532689	,	127.345838	,	180	,	1	)	,
(	182	,	41.2	,	37.532966	,	127.346304	,	181	,	1	)	,
(	183	,	41.2	,	37.53358	,	127.345991	,	182	,	1	)	,
(	184	,	41.2	,	37.533747	,	127.34657	,	183	,	1	)	,
(	185	,	41.2	,	37.533651	,	127.348624	,	184	,	1	)	,
(	186	,	41.2	,	37.533327	,	127.349466	,	185	,	1	)	,
(	187	,	41.2	,	37.533674	,	127.351168	,	186	,	1	)	,
(	188	,	41.2	,	37.533054	,	127.353514	,	187	,	1	)	,
(	189	,	41.2	,	37.532876	,	127.354094	,	188	,	1	)	,
(	190	,	41.2	,	37.532664	,	127.354288	,	189	,	1	)	,
(	191	,	41.2	,	37.531783	,	127.353964	,	190	,	1	)	,
(	192	,	41.2	,	37.531701	,	127.354136	,	191	,	1	)	,
(	193	,	41.2	,	37.531715	,	127.354836	,	192	,	1	)	,
(	194	,	39.6	,	37.532045	,	127.355979	,	193	,	1	)	,
(	195	,	39.2	,	37.531747	,	127.357165	,	194	,	1	)	,
(	196	,	39.2	,	37.530879	,	127.358859	,	195	,	1	)	,
(	197	,	39.2	,	37.530567	,	127.359906	,	196	,	1	)	,
(	198	,	39.2	,	37.529698	,	127.360437	,	197	,	1	)	,
(	199	,	39.2	,	37.529042	,	127.361945	,	198	,	1	)	,
(	200	,	39.2	,	37.528046	,	127.362596	,	199	,	1	)	,
(	201	,	39.2	,	37.527337	,	127.363642	,	200	,	1	)	,
(	202	,	39.2	,	37.526473	,	127.363777	,	201	,	1	)	,
(	203	,	39.2	,	37.525667	,	127.364127	,	202	,	1	)	,
(	204	,	39.2	,	37.524553	,	127.365437	,	203	,	1	)	,
(	205	,	39.2	,	37.523837	,	127.365919	,	204	,	1	)	,
(	206	,	41.6	,	37.523666	,	127.365887	,	205	,	1	)	,
(	207	,	41.6	,	37.522903	,	127.367013	,	206	,	1	)	,
(	208	,	41.6	,	37.518869	,	127.369013	,	207	,	1	)	,
(	209	,	42.4	,	37.517698	,	127.369437	,	208	,	1	)	,
(	210	,	48.4	,	37.515758	,	127.369505	,	209	,	1	)	,
(	211	,	61.4	,	37.514231	,	127.37008	,	210	,	1	)	,
(	212	,	65.6	,	37.513531	,	127.370161	,	211	,	1	)	,
(	213	,	63.8	,	37.512979	,	127.37053	,	212	,	1	)	,
(	214	,	61.2	,	37.512614	,	127.371129	,	213	,	1	)	,
(	215	,	60.2	,	37.512378	,	127.371204	,	214	,	1	)	,
(	216	,	56.2	,	37.511177	,	127.370701	,	215	,	1	)	,
(	217	,	66.8	,	37.508997	,	127.371044	,	216	,	1	)	,
(	218	,	69	,	37.508589	,	127.37169	,	217	,	1	)	,
(	219	,	71	,	37.508057	,	127.372153	,	218	,	1	)	,
(	220	,	69.2	,	37.508031	,	127.373046	,	219	,	1	)	,
(	221	,	59.6	,	37.507408	,	127.374611	,	220	,	1	)	,
(	222	,	51.4	,	37.506283	,	127.374758	,	221	,	1	)	,
(	223	,	48.8	,	37.505886	,	127.37495	,	222	,	1	)	,
(	224	,	49.4	,	37.505817	,	127.376533	,	223	,	1	)	,
(	225	,	52.4	,	37.50537	,	127.37746	,	224	,	1	)	,
(	226	,	52.4	,	37.503035	,	127.378552	,	225	,	1	)	,
(	227	,	59	,	37.502455	,	127.379567	,	226	,	1	)	,
(	228	,	63	,	37.501463	,	127.380345	,	227	,	1	)	,
(	229	,	52.2	,	37.499958	,	127.379939	,	228	,	1	)	,
(	230	,	50.2	,	37.499227	,	127.379947	,	229	,	1	)	,
(	231	,	53.4	,	37.498853	,	127.380548	,	230	,	1	)	,
(	232	,	57	,	37.498467	,	127.380789	,	231	,	1	)	,
(	233	,	60.2	,	37.498669	,	127.381571	,	232	,	1	)	,
(	234	,	65.4	,	37.498177	,	127.382755	,	233	,	1	)	,
(	235	,	68	,	37.497769	,	127.383265	,	234	,	1	)	,
(	236	,	72.8	,	37.496749	,	127.383551	,	235	,	1	)	,
(	237	,	74.2	,	37.496845	,	127.384229	,	236	,	1	)	,
(	238	,	77	,	37.496289	,	127.384688	,	237	,	1	)	,
(	239	,	77	,	37.496284	,	127.385066	,	238	,	1	)	,
(	240	,	76.6	,	37.495442	,	127.38514	,	239	,	1	)	,
(	241	,	73.8	,	37.494617	,	127.385583	,	240	,	1	)	,
(	242	,	73	,	37.493554	,	127.38584	,	241	,	1	)	,
(	243	,	72.4	,	37.492873	,	127.386369	,	242	,	1	)	,
(	244	,	70.8	,	37.492662	,	127.386789	,	243	,	1	)	,
(	245	,	68	,	37.49263	,	127.387484	,	244	,	1	)	,
(	246	,	61.4	,	37.493088	,	127.38862	,	245	,	1	)	,
(	247	,	59.2	,	37.493072	,	127.388992	,	246	,	1	)	,
(	248	,	46.2	,	37.491951	,	127.390983	,	247	,	1	)	,
(	249	,	44.8	,	37.490559	,	127.39204	,	248	,	1	)	,
(	250	,	43.8	,	37.489357	,	127.393404	,	249	,	1	)	,
(	251	,	42.6	,	37.488989	,	127.393545	,	250	,	1	)	,
(	252	,	42.6	,	37.487948	,	127.393232	,	251	,	1	)	,
(	253	,	42.6	,	37.487358	,	127.393262	,	252	,	1	)	,
(	254	,	43	,	37.486657	,	127.392787	,	253	,	1	)	,
(	255	,	46	,	37.484061	,	127.39209	,	254	,	1	)	,
(	256	,	46.8	,	37.483463	,	127.391598	,	255	,	1	)	,
(	257	,	51	,	37.482491	,	127.390139	,	256	,	1	)	,
(	258	,	51.4	,	37.481739	,	127.389507	,	257	,	1	)	,
(	259	,	57.4	,	37.478391	,	127.388343	,	258	,	1	)	,
(	260	,	57.4	,	37.477928	,	127.387803	,	259	,	1	)	,
(	261	,	59.4	,	37.47729	,	127.385704	,	260	,	1	)	,
(	262	,	65.8	,	37.475683	,	127.382903	,	261	,	1	)	,
(	263	,	70	,	37.475478	,	127.381685	,	262	,	1	)	,
(	264	,	92.6	,	37.477662	,	127.373873	,	263	,	1	)	,
(	265	,	99.6	,	37.477549	,	127.371344	,	264	,	1	)	,
(	266	,	108.6	,	37.478421	,	127.3696	,	265	,	1	)	,
(	267	,	116.6	,	37.478878	,	127.368275	,	266	,	1	)	,
(	268	,	156	,	37.480093	,	127.362569	,	267	,	1	)	,
(	269	,	161	,	37.480105	,	127.361863	,	268	,	1	)	,
(	270	,	167	,	37.479917	,	127.361304	,	269	,	1	)	,
(	271	,	180.2	,	37.478859	,	127.360015	,	270	,	1	)	,
(	272	,	190.4	,	37.479227	,	127.358772	,	271	,	1	)	,
(	273	,	187.6	,	37.479354	,	127.356946	,	272	,	1	)	,
(	274	,	183.8	,	37.479534	,	127.35648	,	273	,	1	)	,
(	275	,	180.6	,	37.479825	,	127.356277	,	274	,	1	)	,
(	276	,	165.8	,	37.481378	,	127.356413	,	275	,	1	)	,
(	277	,	162.6	,	37.481609	,	127.356144	,	276	,	1	)	,
(	278	,	159.4	,	37.481629	,	127.355743	,	277	,	1	)	,
(	279	,	155.2	,	37.481376	,	127.355268	,	278	,	1	)	,
(	280	,	146.4	,	37.480415	,	127.354877	,	279	,	1	)	,
(	281	,	138.8	,	37.479763	,	127.35409	,	280	,	1	)	,
(	282	,	134.2	,	37.479137	,	127.353707	,	281	,	1	)	,
(	283	,	119.6	,	37.47772	,	127.350226	,	282	,	1	)	,
(	284	,	106	,	37.475615	,	127.34731	,	283	,	1	)	,
(	285	,	105.6	,	37.475403	,	127.346792	,	284	,	1	)	,
(	286	,	102	,	37.475081	,	127.343775	,	285	,	1	)	,
(	287	,	95.8	,	37.473377	,	127.340341	,	286	,	1	)	,
(	288	,	87	,	37.472137	,	127.335765	,	287	,	1	)	,
(	289	,	84.8	,	37.471495	,	127.334725	,	288	,	1	)	,
(	290	,	74.8	,	37.468369	,	127.331289	,	289	,	1	)	,
(	291	,	67.2	,	37.466127	,	127.325826	,	290	,	1	)	,
(	292	,	63.4	,	37.464973	,	127.324192	,	291	,	1	)	,
(	293	,	61.4	,	37.465769	,	127.323077	,	292	,	1	)	,
(	294	,	59.4	,	37.465869	,	127.32149	,	293	,	1	)	,
(	295	,	59.4	,	37.466162	,	127.320715	,	294	,	1	)	,
(	296	,	55.2	,	37.469029	,	127.316869	,	295	,	1	)	,
(	297	,	53	,	37.471475	,	127.315405	,	296	,	1	)	,
(	298	,	53	,	37.47181	,	127.314978	,	297	,	1	)	,
(	299	,	53	,	37.471978	,	127.314231	,	298	,	1	)	,
(	300	,	46.4	,	37.472178	,	127.307452	,	299	,	1	)	,
(	301	,	46	,	37.470897	,	127.302894	,	300	,	1	)	,
(	302	,	48.8	,	37.471516	,	127.292639	,	301	,	1	)	,
(	303	,	44.8	,	37.471183	,	127.287764	,	302	,	1	)	,
(	304	,	55.8	,	37.470243	,	127.279411	,	303	,	1	)	,
(	305	,	62.8	,	37.46889	,	127.276414	,	304	,	1	)	,
(	306	,	69.2	,	37.46854	,	127.275086	,	305	,	1	)	,
(	307	,	77.4	,	37.468377	,	127.273219	,	306	,	1	)	,
(	308	,	79.4	,	37.468637	,	127.273168	,	307	,	1	)	,
(	309	,	79.4	,	37.470219	,	127.273813	,	308	,	1	)	,
(	310	,	83	,	37.47181	,	127.274543	,	309	,	1	)	,
(	311	,	89	,	37.472587	,	127.27507	,	310	,	1	)	,
(	312	,	83.4	,	37.474643	,	127.277397	,	311	,	1	)	,
(	313	,	72.2	,	37.477215	,	127.279515	,	312	,	1	)	,
(	314	,	58	,	37.482433	,	127.281328	,	313	,	1	)	,
(	315	,	65.4	,	37.485867	,	127.28174	,	314	,	1	)	,
(	316	,	63.2	,	37.489406	,	127.28348	,	315	,	1	)	,
(	317	,	63.2	,	37.489821	,	127.283414	,	316	,	1	)	,
(	318	,	60	,	37.491028	,	127.282637	,	317	,	1	)	,
(	319	,	52.4	,	37.492766	,	127.282746	,	318	,	1	)	,
(	320	,	60.2	,	37.493827	,	127.282635	,	319	,	1	)	,
(	321	,	60.2	,	37.495045	,	127.282117	,	320	,	1	)	,
(	322	,	55.8	,	37.497211	,	127.281932	,	321	,	1	)	,
(	323	,	55.8	,	37.497567	,	127.281987	,	322	,	1	)	,
(	324	,	55.8	,	37.498016	,	127.282347	,	323	,	1	)	,
(	325	,	55.8	,	37.498821	,	127.283769	,	324	,	1	)	,
(	326	,	55.8	,	37.499399	,	127.284104	,	325	,	1	)	,
(	327	,	55.8	,	37.499963	,	127.28407	,	326	,	1	)	,
(	328	,	57.8	,	37.500642	,	127.283626	,	327	,	1	)	,
(	329	,	57.8	,	37.501965	,	127.283092	,	328	,	1	)	,
(	330	,	60	,	37.50283	,	127.283217	,	329	,	1	)	,
(	331	,	62.2	,	37.503709	,	127.283119	,	330	,	1	)	,
(	332	,	62.2	,	37.50469	,	127.283613	,	331	,	1	)	,
(	333	,	62.2	,	37.505943	,	127.283838	,	332	,	1	)	,
(	334	,	60	,	37.507164	,	127.284367	,	333	,	1	)	,
(	335	,	60	,	37.508511	,	127.284643	,	334	,	1	)	,
(	336	,	58	,	37.510723	,	127.284392	,	335	,	1	)	,
(	337	,	55.8	,	37.512639	,	127.283633	,	336	,	1	)	,
(	338	,	55.8	,	37.513372	,	127.283694	,	337	,	1	)	,
(	339	,	55.8	,	37.515122	,	127.283328	,	338	,	1	)	,
(	340	,	55.8	,	37.517863	,	127.283232	,	339	,	1	)	,
(	341	,	55.8	,	37.52049	,	127.281662	,	340	,	1	)	,
(	342	,	55.8	,	37.520933	,	127.281074	,	341	,	1	)	,
(	343	,	55.8	,	37.522079	,	127.28026	,	342	,	1	)	,
(	344	,	55.8	,	37.523199	,	127.279043	,	343	,	1	)	,
(	345	,	55.8	,	37.525473	,	127.276337	,	344	,	1	)	,
(	346	,	55.8	,	37.527131	,	127.273879	,	345	,	1	)	,
(	347	,	46.4	,	37.52889	,	127.269794	,	346	,	1	)	,
(	348	,	44.4	,	37.530334	,	127.265715	,	347	,	1	)	,
(	349	,	49	,	37.533447	,	127.259583	,	348	,	1	)	,
(	350	,	44.2	,	37.53489	,	127.257066	,	349	,	1	)	,
(	351	,	44.8	,	37.538447	,	127.249698	,	350	,	1	)	,
(	352	,	42.8	,	37.540172	,	127.244391	,	351	,	1	)	,
(	353	,	42.2	,	37.541883	,	127.240426	,	352	,	1	)	,
(	354	,	41.4	,	37.542279	,	127.238548	,	353	,	1	)	,
(	355	,	39.8	,	37.54257	,	127.238254	,	354	,	1	)	,
(	356	,	34.6	,	37.542846	,	127.237571	,	355	,	1	)	,
(	357	,	30.8	,	37.54327	,	127.23733	,	356	,	1	)	,
(	358	,	30.8	,	37.544808	,	127.233709	,	357	,	1	)	,
(	359	,	30.8	,	37.54423	,	127.23298	,	358	,	1	)	,
(	360	,	28.4	,	37.544376	,	127.232474	,	359	,	1	)	,
(	361	,	30.6	,	37.545198	,	127.232759	,	360	,	1	)	,
(	362	,	30.6	,	37.546155	,	127.23072	,	361	,	1	)	,
(	363	,	29.6	,	37.547202	,	127.229015	,	362	,	1	)	,
(	364	,	29.6	,	37.552996	,	127.222302	,	363	,	1	)	,
(	365	,	29.6	,	37.553054	,	127.222013	,	364	,	1	)	,
(	366	,	29.6	,	37.552861	,	127.221666	,	365	,	1	)	,
(	367	,	29.6	,	37.548859	,	127.219232	,	366	,	1	)	,
(	368	,	29.6	,	37.548688	,	127.218943	,	367	,	1	)	,
(	369	,	29.6	,	37.548855	,	127.218589	,	368	,	1	)	,
(	370	,	29.6	,	37.549325	,	127.218645	,	369	,	1	)	,
(	371	,	29.6	,	37.553557	,	127.221362	,	370	,	1	)	,
(	372	,	27.4	,	37.554101	,	127.221373	,	371	,	1	)	,
(	373	,	27.4	,	37.571725	,	127.209247	,	372	,	1	)	,
(	374	,	27.4	,	37.575156	,	127.206553	,	373	,	1	)	,
(	375	,	27.4	,	37.575769	,	127.205942	,	374	,	1	)	,
(	376	,	33.8	,	37.575738	,	127.205629	,	375	,	1	)	,
(	377	,	33.8	,	37.576441	,	127.204865	,	376	,	1	)	,
(	378	,	31.8	,	37.575909	,	127.204039	,	377	,	1	)	,
(	379	,	31.8	,	37.574983	,	127.203185	,	378	,	1	)	,
(	380	,	31.8	,	37.573405	,	127.202718	,	379	,	1	)	,
(	381	,	31.8	,	37.571245	,	127.201157	,	380	,	1	)	,
(	382	,	31.8	,	37.570659	,	127.201064	,	381	,	1	)	,
(	383	,	23	,	37.57001	,	127.1995	,	382	,	1	)	,
(	384	,	23	,	37.569319	,	127.199565	,	383	,	1	)	,
(	385	,	21	,	37.569277	,	127.198907	,	384	,	1	)	,
(	386	,	5	,	37.55375	,	126.8784	,	0	,	2	)	,
(	387	,	6.64	,	37.55122	,	126.88412	,	1	,	2	)	,
(	388	,	6.99	,	37.54737	,	126.88983	,	2	,	2	)	,
(	389	,	10.26	,	37.54529	,	126.89137	,	3	,	2	)	,
(	390	,	13.11	,	37.54416	,	126.89257	,	4	,	2	)	,
(	391	,	5	,	37.54274	,	126.89511	,	5	,	2	)	,
(	392	,	5	,	37.542	,	126.89678	,	6	,	2	)	,
(	393	,	6.24	,	37.54157	,	126.897	,	7	,	2	)	,
(	394	,	15.14	,	37.54095	,	126.89799	,	8	,	2	)	,
(	395	,	7.66	,	37.53782	,	126.90368	,	9	,	2	)	,
(	396	,	5	,	37.536	,	126.90653	,	10	,	2	)	,
(	397	,	-0.17	,	37.5338	,	126.90921	,	11	,	2	)	,
(	398	,	-0.18	,	37.53352	,	126.90984	,	12	,	2	)	,
(	399	,	2.39	,	37.53279	,	126.90979	,	13	,	2	)	,
(	400	,	4.61	,	37.53081	,	126.91058	,	14	,	2	)	,
(	401	,	16.33	,	37.52862	,	126.9109	,	15	,	2	)	,
(	402	,	13.57	,	37.52678	,	126.91153	,	16	,	2	)	,
(	403	,	9.49	,	37.51995	,	126.91638	,	17	,	2	)	,
(	404	,	14.33	,	37.51868	,	126.91827	,	18	,	2	)	,
(	405	,	1.83	,	37.51614	,	126.92505	,	19	,	2	)	,
(	406	,	16.67	,	37.51556	,	126.92813	,	20	,	2	)	,
(	407	,	14.37	,	37.51556	,	126.932	,	21	,	2	)	,
(	408	,	18.93	,	37.51681	,	126.93834	,	22	,	2	)	,
(	409	,	18.77	,	37.51708	,	126.93887	,	23	,	2	)	,
(	410	,	19.34	,	37.51776	,	126.9419	,	24	,	2	)	,
(	411	,	13.29	,	37.51768	,	126.94278	,	25	,	2	)	,
(	412	,	8.8	,	37.51811	,	126.94517	,	26	,	2	)	,
(	413	,	6.54	,	37.5179	,	126.94707	,	27	,	2	)	,
(	414	,	10.37	,	37.51725	,	126.94876	,	28	,	2	)	,
(	415	,	21.01	,	37.51618	,	126.9508	,	29	,	2	)	,
(	416	,	7.31	,	37.51547	,	126.95315	,	30	,	2	)	,
(	417	,	9.55	,	37.51496	,	126.95345	,	31	,	2	)	,
(	418	,	14.54	,	37.5136	,	126.95792	,	32	,	2	)	,
(	419	,	18.33	,	37.51287	,	126.9587	,	33	,	2	)	,
(	420	,	18.56	,	37.5122	,	126.96049	,	34	,	2	)	,
(	421	,	14.42	,	37.51003	,	126.96476	,	35	,	2	)	,
(	422	,	14.13	,	37.50927	,	126.9656	,	36	,	2	)	,
(	423	,	16.82	,	37.50874	,	126.96735	,	37	,	2	)	,
(	424	,	23.51	,	37.50693	,	126.97172	,	38	,	2	)	,
(	425	,	10.31	,	37.50599	,	126.97543	,	39	,	2	)	,
(	426	,	5	,	37.50598	,	126.97733	,	40	,	2	)	,
(	427	,	7.7	,	37.50563	,	126.97783	,	41	,	2	)	,
(	428	,	6.17	,	37.50551	,	126.97844	,	42	,	2	)	,
(	429	,	6.49	,	37.50566	,	126.97977	,	43	,	2	)	,
(	430	,	15.49	,	37.50544	,	126.98093	,	44	,	2	)	,
(	431	,	16.31	,	37.50561	,	126.98145	,	45	,	2	)	,
(	432	,	8.19	,	37.50554	,	126.98335	,	46	,	2	)	,
(	433	,	13.87	,	37.50664	,	126.98951	,	47	,	2	)	,
(	434	,	12.73	,	37.50755	,	126.9918	,	48	,	2	)	,
(	435	,	9.66	,	37.50875	,	126.99285	,	49	,	2	)	,
(	436	,	6.56	,	37.50905	,	126.99462	,	50	,	2	)	,
(	437	,	5	,	37.51051	,	126.99628	,	51	,	2	)	,
(	438	,	5	,	37.51053	,	126.99741	,	52	,	2	)	,
(	439	,	5	,	37.51121	,	126.99909	,	53	,	2	)	,
(	440	,	5	,	37.51184	,	127.00006	,	54	,	2	)	,
(	441	,	5	,	37.51223	,	127.0013	,	55	,	2	)	,
(	442	,	6.68	,	37.51255	,	127.00177	,	56	,	2	)	,
(	443	,	11.93	,	37.51345	,	127.00234	,	57	,	2	)	,
(	444	,	10.33	,	37.51378	,	127.00273	,	58	,	2	)	,
(	445	,	6.48	,	37.5143	,	127.00382	,	59	,	2	)	,
(	446	,	6.99	,	37.51538	,	127.00525	,	60	,	2	)	,
(	447	,	9.45	,	37.51578	,	127.00566	,	61	,	2	)	,
(	448	,	3.69	,	37.5167	,	127.006	,	62	,	2	)	,
(	449	,	4.05	,	37.51712	,	127.00636	,	63	,	2	)	,
(	450	,	8.45	,	37.51771	,	127.00748	,	64	,	2	)	,
(	451	,	8.12	,	37.5182	,	127.00776	,	65	,	2	)	,
(	452	,	9.15	,	37.51896	,	127.00857	,	66	,	2	)	,
(	453	,	7.19	,	37.51942	,	127.00872	,	67	,	2	)	,
(	454	,	7.73	,	37.52507	,	127.0152	,	68	,	2	)	,
(	455	,	10.27	,	37.52859	,	127.01945	,	69	,	2	)	,
(	456	,	10.92	,	37.52881	,	127.01994	,	70	,	2	)	,
(	457	,	8.74	,	37.5296	,	127.02068	,	71	,	2	)	,
(	458	,	22.14	,	37.53343	,	127.0252	,	72	,	2	)	,
(	459	,	9.29	,	37.53406	,	127.02632	,	73	,	2	)	,
(	460	,	16.66	,	37.53454	,	127.02792	,	74	,	2	)	,
(	461	,	15.18	,	37.53458	,	127.0298	,	75	,	2	)	,
(	462	,	17.5	,	37.53421	,	127.03158	,	76	,	2	)	,
(	463	,	8	,	37.52839	,	127.05336	,	77	,	2	)	,
(	464	,	9.69	,	37.52758	,	127.05475	,	78	,	2	)	,
(	465	,	13.94	,	37.52506	,	127.05771	,	79	,	2	)	,
(	466	,	18.74	,	37.52291	,	127.06198	,	80	,	2	)	,
(	467	,	10.25	,	37.52226	,	127.06297	,	81	,	2	)	,
(	468	,	24.3	,	37.52069	,	127.06457	,	82	,	2	)	,
(	469	,	21.6	,	37.51904	,	127.06569	,	83	,	2	)	,
(	470	,	15.83	,	37.51869	,	127.06612	,	84	,	2	)	,
(	471	,	9	,	37.51847	,	127.06675	,	85	,	2	)	,
(	472	,	10.78	,	37.51598	,	127.06734	,	86	,	2	)	,
(	473	,	10.88	,	37.51125	,	127.068	,	87	,	2	)	,
(	474	,	14.4	,	37.51025	,	127.06794	,	88	,	2	)	,
(	475	,	9	,	37.5088	,	127.06835	,	89	,	2	)	,
(	476	,	13.34	,	37.5054	,	127.06885	,	90	,	2	)	,
(	477	,	13.53	,	37.5039	,	127.06954	,	91	,	2	)	,
(	478	,	13.15	,	37.5006	,	127.07221	,	92	,	2	)	,
(	479	,	18.4	,	37.49818	,	127.07326	,	93	,	2	)	,
(	480	,	17.87	,	37.49647	,	127.07334	,	94	,	2	)	,
(	481	,	16.87	,	37.49566	,	127.07317	,	95	,	2	)	,
(	482	,	21.71	,	37.49422	,	127.07216	,	96	,	2	)	,
(	483	,	18.83	,	37.49187	,	127.06959	,	97	,	2	)	,
(	484	,	23.92	,	37.49073	,	127.06755	,	98	,	2	)	,
(	485	,	20.1	,	37.49015	,	127.06538	,	99	,	2	)	,
(	486	,	15.08	,	37.48911	,	127.0592	,	100	,	2	)	,
(	487	,	15.29	,	37.48739	,	127.05566	,	101	,	2	)	,
(	488	,	24.4	,	37.48422	,	127.05019	,	102	,	2	)	,
(	489	,	17.57	,	37.48354	,	127.04933	,	103	,	2	)	,
(	490	,	18.36	,	37.48327	,	127.04858	,	104	,	2	)	,
(	491	,	26.18	,	37.48242	,	127.04716	,	105	,	2	)	,
(	492	,	21.59	,	37.48121	,	127.04534	,	106	,	2	)	,
(	493	,	20.27	,	37.47943	,	127.04333	,	107	,	2	)	,
(	494	,	26.99	,	37.47585	,	127.04017	,	108	,	2	)	,
(	495	,	23.72	,	37.4752	,	127.03928	,	109	,	2	)	,
(	496	,	26.06	,	37.47493	,	127.03873	,	110	,	2	)	,
(	497	,	30.03	,	37.47483	,	127.0376	,	111	,	2	)	,
(	498	,	21.66	,	37.4739	,	127.03627	,	112	,	2	)	,
(	499	,	20.43	,	37.47333	,	127.03385	,	113	,	2	)	,
(	500	,	18.5	,	37.47283	,	127.03291	,	114	,	2	)	,
(	501	,	25.96	,	37.47055	,	127.03069	,	115	,	2	)	,
(	502	,	25.81	,	37.46844	,	127.02901	,	116	,	2	)	,
(	503	,	23.77	,	37.468	,	127.0288	,	117	,	2	)	,
(	504	,	21.29	,	37.46751	,	127.02891	,	118	,	2	)	,
(	505	,	24.78	,	37.46466	,	127.02998	,	119	,	2	)	,
(	506	,	32.63	,	37.46421	,	127.02999	,	120	,	2	)	,
(	507	,	23.32	,	37.46027	,	127.02716	,	121	,	2	)	,
(	508	,	27.49	,	37.45869	,	127.02582	,	122	,	2	)	,
(	509	,	27.03	,	37.45839	,	127.02538	,	123	,	2	)	,
(	510	,	25.31	,	37.45658	,	127.02108	,	124	,	2	)	,
(	511	,	24.55	,	37.45607	,	127.0193	,	125	,	2	)	,
(	512	,	29.53	,	37.4556	,	127.01569	,	126	,	2	)	,
(	513	,	27.09	,	37.45557	,	127.01267	,	127	,	2	)	,
(	514	,	31.6	,	37.45534	,	127.01041	,	128	,	2	)	,
(	515	,	33.38	,	37.45477	,	127.00734	,	129	,	2	)	,
(	516	,	29.13	,	37.45371	,	127.00584	,	130	,	2	)	,
(	517	,	38.94	,	37.4531	,	127.00428	,	131	,	2	)	,
(	518	,	36.68	,	37.4527	,	127.00393	,	132	,	2	)	,
(	519	,	32.19	,	37.45176	,	127.00374	,	133	,	2	)	,
(	520	,	32.44	,	37.45074	,	127.00386	,	134	,	2	)	,
(	521	,	33.02	,	37.4503	,	127.00372	,	135	,	2	)	,
(	522	,	33.22	,	37.44974	,	127.00316	,	136	,	2	)	,
(	523	,	35.87	,	37.44891	,	127.00011	,	137	,	2	)	,
(	524	,	34.67	,	37.44825	,	126.99921	,	138	,	2	)	,
(	525	,	32.69	,	37.44693	,	126.99837	,	139	,	2	)	,
(	526	,	33.62	,	37.44664	,	126.9978	,	140	,	2	)	,
(	527	,	38.07	,	37.44553	,	126.99663	,	141	,	2	)	,
(	528	,	35.8	,	37.44458	,	126.99625	,	142	,	2	)	,
(	529	,	35.98	,	37.44361	,	126.9963	,	143	,	2	)	,
(	530	,	34.39	,	37.44266	,	126.99608	,	144	,	2	)	,
(	531	,	35	,	37.4413	,	126.99537	,	145	,	2	)	,
(	532	,	39.6	,	37.44007	,	126.99445	,	146	,	2	)	,
(	533	,	40.38	,	37.43955	,	126.99444	,	147	,	2	)	,
(	534	,	40.32	,	37.4391	,	126.99467	,	148	,	2	)	,
(	535	,	42.31	,	37.43788	,	126.99549	,	149	,	2	)	,
(	536	,	41.89	,	37.43754	,	126.99594	,	150	,	2	)	,
(	537	,	50.94	,	37.43498	,	126.99762	,	151	,	2	)	,
(	538	,	49.72	,	37.43448	,	126.99774	,	152	,	2	)	,
(	539	,	48.61	,	37.42964	,	126.99341	,	153	,	2	)	,
(	540	,	49.4	,	37.42884	,	126.99217	,	154	,	2	)	,
(	541	,	54.13	,	37.42828	,	126.99163	,	155	,	2	)	,
(	542	,	55.88	,	37.42574	,	126.98948	,	156	,	2	)	,
(	543	,	53.57	,	37.42486	,	126.98923	,	157	,	2	)	,
(	544	,	48.94	,	37.42378	,	126.98924	,	158	,	2	)	,
(	545	,	61.47	,	37.41938	,	126.9886	,	159	,	2	)	,
(	546	,	62.77	,	37.41868	,	126.98798	,	160	,	2	)	,
(	547	,	64.47	,	37.41586	,	126.98444	,	161	,	2	)	,
(	548	,	71.26	,	37.41437	,	126.98283	,	162	,	2	)	,
(	549	,	58.84	,	37.41184	,	126.9806	,	163	,	2	)	,
(	550	,	52.1	,	37.41036	,	126.97993	,	164	,	2	)	,
(	551	,	48.93	,	37.40537	,	126.97863	,	165	,	2	)	,
(	552	,	47.11	,	37.40447	,	126.97819	,	166	,	2	)	,
(	553	,	45.52	,	37.40259	,	126.97674	,	167	,	2	)	,
(	554	,	42.56	,	37.4017	,	126.97654	,	168	,	2	)	,
(	555	,	47.94	,	37.40018	,	126.97675	,	169	,	2	)	,
(	556	,	42.74	,	37.39779	,	126.97653	,	170	,	2	)	,
(	557	,	42.5	,	37.39769	,	126.97596	,	171	,	2	)	,
(	558	,	43.32	,	37.39893	,	126.97315	,	172	,	2	)	,
(	559	,	40.16	,	37.40116	,	126.9719	,	173	,	2	)	,
(	560	,	41.79	,	37.40219	,	126.97062	,	174	,	2	)	,
(	561	,	39.51	,	37.40298	,	126.96835	,	175	,	2	)	,
(	562	,	39.87	,	37.40305	,	126.96706	,	176	,	2	)	,
(	563	,	38.51	,	37.40215	,	126.96415	,	177	,	2	)	,
(	564	,	37.18	,	37.40186	,	126.96118	,	178	,	2	)	,
(	565	,	38.29	,	37.40224	,	126.95871	,	179	,	2	)	,
(	566	,	38.7	,	37.40228	,	126.95736	,	180	,	2	)	,
(	567	,	36.32	,	37.40108	,	126.95336	,	181	,	2	)	,
(	568	,	34.21	,	37.40082	,	126.94974	,	182	,	2	)	,
(	569	,	36.11	,	37.40007	,	126.94745	,	183	,	2	)	,
(	570	,	31.22	,	37.39516	,	126.93894	,	184	,	2	)	,
(	571	,	30.72	,	37.39492	,	126.93841	,	185	,	2	)	,
(	572	,	30.07	,	37.39496	,	126.93784	,	186	,	2	)	,
(	573	,	31.7	,	37.39773	,	126.93185	,	187	,	2	)	,
(	574	,	30.39	,	37.39973	,	126.92999	,	188	,	2	)	,
(	575	,	32.44	,	37.40221	,	126.92678	,	189	,	2	)	,
(	576	,	36.19	,	37.40418	,	126.92459	,	190	,	2	)	,
(	577	,	30.08	,	37.40603	,	126.92158	,	191	,	2	)	,
(	578	,	25.08	,	37.40982	,	126.91761	,	192	,	2	)	,
(	579	,	22.96	,	37.41002	,	126.91709	,	193	,	2	)	,
(	580	,	26.98	,	37.41019	,	126.91526	,	194	,	2	)	,
(	581	,	27.47	,	37.40956	,	126.91282	,	195	,	2	)	,
(	582	,	27.2	,	37.40911	,	126.91175	,	196	,	2	)	,
(	583	,	29.22	,	37.40791	,	126.9068	,	197	,	2	)	,
(	584	,	23.12	,	37.40559	,	126.90373	,	198	,	2	)	,
(	585	,	23.88	,	37.40536	,	126.90317	,	199	,	2	)	,
(	586	,	23.37	,	37.404	,	126.89798	,	200	,	2	)	,
(	587	,	24.16	,	37.40394	,	126.89671	,	201	,	2	)	,
(	588	,	23.38	,	37.40445	,	126.89575	,	202	,	2	)	,
(	589	,	21.59	,	37.40761	,	126.89466	,	203	,	2	)	,
(	590	,	22.04	,	37.40975	,	126.89229	,	204	,	2	)	,
(	591	,	19.54	,	37.41056	,	126.89166	,	205	,	2	)	,
(	592	,	18.36	,	37.41149	,	126.89143	,	206	,	2	)	,
(	593	,	18.01	,	37.41196	,	126.89149	,	207	,	2	)	,
(	594	,	21.29	,	37.41375	,	126.89225	,	208	,	2	)	,
(	595	,	24.16	,	37.41645	,	126.89468	,	209	,	2	)	,
(	596	,	21.97	,	37.4182	,	126.89592	,	210	,	2	)	,
(	597	,	25.5	,	37.41891	,	126.89673	,	211	,	2	)	,
(	598	,	29.99	,	37.42114	,	126.89796	,	212	,	2	)	,
(	599	,	27.45	,	37.42263	,	126.89858	,	213	,	2	)	,
(	600	,	18.61	,	37.42416	,	126.89867	,	214	,	2	)	,
(	601	,	20.63	,	37.42613	,	126.89844	,	215	,	2	)	,
(	602	,	21.21	,	37.42758	,	126.89874	,	216	,	2	)	,
(	603	,	17.76	,	37.42857	,	126.89837	,	217	,	2	)	,
(	604	,	15.13	,	37.4296	,	126.8984	,	218	,	2	)	,
(	605	,	18.78	,	37.43053	,	126.89876	,	219	,	2	)	,
(	606	,	18.39	,	37.43098	,	126.89871	,	220	,	2	)	,
(	607	,	17	,	37.43127	,	126.89913	,	221	,	2	)	,
(	608	,	18.39	,	37.43415	,	126.90049	,	222	,	2	)	,
(	609	,	18.79	,	37.436	,	126.901	,	223	,	2	)	,
(	610	,	17.36	,	37.43708	,	126.90105	,	224	,	2	)	,
(	611	,	16.1	,	37.4375	,	126.90082	,	225	,	2	)	,
(	612	,	8.81	,	37.43997	,	126.90043	,	226	,	2	)	,
(	613	,	15.5	,	37.44382	,	126.89869	,	227	,	2	)	,
(	614	,	16.23	,	37.4448	,	126.8981	,	228	,	2	)	,
(	615	,	14.75	,	37.44816	,	126.89677	,	229	,	2	)	,
(	616	,	15.64	,	37.45542	,	126.89334	,	230	,	2	)	,
(	617	,	12	,	37.45806	,	126.89182	,	231	,	2	)	,
(	618	,	10.05	,	37.46148	,	126.88927	,	232	,	2	)	,
(	619	,	15.79	,	37.46337	,	126.88753	,	233	,	2	)	,
(	620	,	14.98	,	37.46464	,	126.88662	,	234	,	2	)	,
(	621	,	12.9	,	37.4731	,	126.87938	,	235	,	2	)	,
(	622	,	11.35	,	37.47514	,	126.87782	,	236	,	2	)	,
(	623	,	11.94	,	37.47827	,	126.87599	,	237	,	2	)	,
(	624	,	11.21	,	37.4821	,	126.87415	,	238	,	2	)	,
(	625	,	10	,	37.48519	,	126.87296	,	239	,	2	)	,
(	626	,	10	,	37.48823	,	126.87207	,	240	,	2	)	,
(	627	,	10	,	37.49106	,	126.87156	,	241	,	2	)	,
(	628	,	10	,	37.49239	,	126.87105	,	242	,	2	)	,
(	629	,	10	,	37.49388	,	126.87075	,	243	,	2	)	,
(	630	,	10.52	,	37.49431	,	126.87102	,	244	,	2	)	,
(	631	,	10	,	37.4968	,	126.87043	,	245	,	2	)	,
(	632	,	10	,	37.49969	,	126.87132	,	246	,	2	)	,
(	633	,	10	,	37.5064	,	126.87376	,	247	,	2	)	,
(	634	,	10	,	37.50829	,	126.87466	,	248	,	2	)	,
(	635	,	10.08	,	37.51077	,	126.87666	,	249	,	2	)	,
(	636	,	10	,	37.51324	,	126.87892	,	250	,	2	)	,
(	637	,	10	,	37.51371	,	126.87906	,	251	,	2	)	,
(	638	,	10	,	37.51414	,	126.87942	,	252	,	2	)	,
(	639	,	10	,	37.5144	,	126.88001	,	253	,	2	)	,
(	640	,	10	,	37.51521	,	126.88073	,	254	,	2	)	,
(	641	,	10	,	37.51656	,	126.88156	,	255	,	2	)	,
(	642	,	11.51	,	37.51759	,	126.88169	,	256	,	2	)	,
(	643	,	12.52	,	37.52403	,	126.88088	,	257	,	2	)	,
(	644	,	10	,	37.5254	,	126.88143	,	258	,	2	)	,
(	645	,	10.53	,	37.52656	,	126.88254	,	259	,	2	)	,
(	646	,	11.47	,	37.52803	,	126.88646	,	260	,	2	)	,
(	647	,	10	,	37.52889	,	126.88786	,	261	,	2	)	,
(	648	,	10	,	37.53049	,	126.8892	,	262	,	2	)	,
(	649	,	9.48	,	37.53316	,	126.89084	,	263	,	2	)	,
(	650	,	11.32	,	37.53407	,	126.8911	,	264	,	2	)	,
(	651	,	11.43	,	37.53558	,	126.89103	,	265	,	2	)	,
(	652	,	15.58	,	37.54454	,	126.88643	,	266	,	2	)	,
(	653	,	18.7	,	37.54552	,	126.88627	,	267	,	2	)	,
(	654	,	11.27	,	37.54622	,	126.88538	,	268	,	2	)	,
(	655	,	9.01	,	37.54844	,	126.88089	,	269	,	2	)	,
(	656	,	10.6	,	37.54885	,	126.88048	,	270	,	2	)	,
(	657	,	5.59	,	37.55238	,	126.8783	,	271	,	2	)	,
(	658	,	5	,	37.5538	,	126.87804	,	272	,	2	)	,
(	659	,	3.8	,	34.936021	,	127.699449	,	0	,	3	)	,
(	660	,	3.5	,	34.935939	,	127.698518	,	1	,	3	)	,
(	661	,	3.7	,	34.935758	,	127.69852	,	2	,	3	)	,
(	662	,	5.1	,	34.935771	,	127.70256	,	3	,	3	)	,
(	663	,	5.6	,	34.936048	,	127.704189	,	4	,	3	)	,
(	664	,	6.2	,	34.936521	,	127.70565	,	5	,	3	)	,
(	665	,	6.2	,	34.936464	,	127.705834	,	6	,	3	)	,
(	666	,	3.2	,	34.934852	,	127.706652	,	7	,	3	)	,
(	667	,	3.1	,	34.934892	,	127.706886	,	8	,	3	)	,
(	668	,	3.1	,	34.93461	,	127.707024	,	9	,	3	)	,
(	669	,	3.7	,	34.93559	,	127.709602	,	10	,	3	)	,
(	670	,	4.1	,	34.936147	,	127.710367	,	11	,	3	)	,
(	671	,	3.4	,	34.937194	,	127.711286	,	12	,	3	)	,
(	672	,	3.8	,	34.935974	,	127.711806	,	13	,	3	)	,
(	673	,	3.1	,	34.935948	,	127.715109	,	14	,	3	)	,
(	674	,	3.1	,	34.936471	,	127.715182	,	15	,	3	)	,
(	675	,	3.1	,	34.936268	,	127.718278	,	16	,	3	)	,
(	676	,	2.9	,	34.937257	,	127.718287	,	17	,	3	)	,
(	677	,	3.1	,	34.937258	,	127.719697	,	18	,	3	)	,
(	678	,	2.9	,	34.937503	,	127.720778	,	19	,	3	)	,
(	679	,	3.3	,	34.937677	,	127.721244	,	20	,	3	)	,
(	680	,	3.1	,	34.938395	,	127.722123	,	21	,	3	)	,
(	681	,	3.2	,	34.937896	,	127.722691	,	22	,	3	)	,
(	682	,	3.1	,	34.936111	,	127.722689	,	23	,	3	)	,
(	683	,	3.2	,	34.935894	,	127.722805	,	24	,	3	)	,
(	684	,	3	,	34.935774	,	127.727292	,	25	,	3	)	,
(	685	,	3.2	,	34.933938	,	127.729588	,	26	,	3	)	,
(	686	,	3.7	,	34.933609	,	127.730279	,	27	,	3	)	,
(	687	,	3.8	,	34.933565	,	127.732877	,	28	,	3	)	,
(	688	,	3.8	,	34.933315	,	127.733206	,	29	,	3	)	,
(	689	,	5.2	,	34.934805	,	127.733242	,	30	,	3	)	,
(	690	,	3	,	34.935442	,	127.733658	,	31	,	3	)	,
(	691	,	2.8	,	34.93538	,	127.733794	,	32	,	3	)	,
(	692	,	2.8	,	34.935523	,	127.733887	,	33	,	3	)	,
(	693	,	2.8	,	34.934526	,	127.735906	,	34	,	3	)	,
(	694	,	2.9	,	34.932734	,	127.736928	,	35	,	3	)	,
(	695	,	2.8	,	34.932224	,	127.737418	,	36	,	3	)	,
(	696	,	2.3	,	34.931834	,	127.738316	,	37	,	3	)	,
(	697	,	0.1	,	34.931819	,	127.746449	,	38	,	3	)	,
(	698	,	0.1	,	34.932054	,	127.74667	,	39	,	3	)	,
(	699	,	6.9	,	34.934742	,	127.746759	,	40	,	3	)	,
(	700	,	5.7	,	34.93462	,	127.747072	,	41	,	3	)	,
(	701	,	9.1	,	34.937706	,	127.750339	,	42	,	3	)	,
(	702	,	9	,	34.939634	,	127.753978	,	43	,	3	)	,
(	703	,	8.9	,	34.939529	,	127.754326	,	44	,	3	)	,
(	704	,	9.2	,	34.939915	,	127.754514	,	45	,	3	)	,
(	705	,	9.7	,	34.941379	,	127.757416	,	46	,	3	)	,
(	706	,	8.8	,	34.941562	,	127.758512	,	47	,	3	)	,
(	707	,	9.3	,	34.942035	,	127.758155	,	48	,	3	)	,
(	708	,	9.6	,	34.944366	,	127.758837	,	49	,	3	)	,
(	709	,	9.1	,	34.944461	,	127.759192	,	50	,	3	)	,
(	710	,	9.5	,	34.944459	,	127.758855	,	51	,	3	)	,
(	711	,	8.5	,	34.945715	,	127.758901	,	52	,	3	)	,
(	712	,	9.4	,	34.95063	,	127.758075	,	53	,	3	)	,
(	713	,	9.7	,	34.952013	,	127.757459	,	54	,	3	)	,
(	714	,	12.4	,	34.95506	,	127.755271	,	55	,	3	)	,
(	715	,	11.1	,	34.955746	,	127.755315	,	56	,	3	)	,
(	716	,	9.8	,	34.957571	,	127.754582	,	57	,	3	)	,
(	717	,	9.1	,	34.957757	,	127.754761	,	58	,	3	)	,
(	718	,	9.7	,	34.957704	,	127.756089	,	59	,	3	)	,
(	719	,	9.7	,	34.95787	,	127.756732	,	60	,	3	)	,
(	720	,	9.6	,	34.958126	,	127.757124	,	61	,	3	)	,
(	721	,	8.4	,	34.958911	,	127.75775	,	62	,	3	)	,
(	722	,	8.4	,	34.959235	,	127.757567	,	63	,	3	)	,
(	723	,	8	,	34.959786	,	127.757943	,	64	,	3	)	,
(	724	,	7.8	,	34.960277	,	127.75974	,	65	,	3	)	,
(	725	,	8	,	34.959814	,	127.757915	,	66	,	3	)	,
(	726	,	8.4	,	34.959234	,	127.757522	,	67	,	3	)	,
(	727	,	8.4	,	34.958922	,	127.757703	,	68	,	3	)	,
(	728	,	9.7	,	34.957901	,	127.756711	,	69	,	3	)	,
(	729	,	9.7	,	34.957739	,	127.756084	,	70	,	3	)	,
(	730	,	8.7	,	34.957749	,	127.754623	,	71	,	3	)	,
(	731	,	10	,	34.957451	,	127.754559	,	72	,	3	)	,
(	732	,	11.1	,	34.955738	,	127.755272	,	73	,	3	)	,
(	733	,	13	,	34.955563	,	127.755147	,	74	,	3	)	,
(	734	,	13.4	,	34.955651	,	127.754884	,	75	,	3	)	,
(	735	,	9.8	,	34.956023	,	127.754691	,	76	,	3	)	,
(	736	,	22.3	,	34.962915	,	127.751591	,	77	,	3	)	,
(	737	,	22.1	,	34.96271	,	127.752149	,	78	,	3	)	,
(	738	,	28	,	34.962706	,	127.752779	,	79	,	3	)	,
(	739	,	10	,	34.963933	,	127.755732	,	80	,	3	)	,
(	740	,	10	,	34.964442	,	127.756238	,	81	,	3	)	,
(	741	,	10	,	34.965635	,	127.756719	,	82	,	3	)	,
(	742	,	10.2	,	34.968361	,	127.758704	,	83	,	3	)	,
(	743	,	10.3	,	34.970358	,	127.759404	,	84	,	3	)	,
(	744	,	10.4	,	34.972991	,	127.758748	,	85	,	3	)	,
(	745	,	11.5	,	34.974079	,	127.759209	,	86	,	3	)	,
(	746	,	10.2	,	34.975306	,	127.76072	,	87	,	3	)	,
(	747	,	10.1	,	34.978568	,	127.76094	,	88	,	3	)	,
(	748	,	13.2	,	34.980813	,	127.764308	,	89	,	3	)	,
(	749	,	12.6	,	34.984719	,	127.771562	,	90	,	3	)	,
(	750	,	10.9	,	34.985403	,	127.772184	,	91	,	3	)	,
(	751	,	10.3	,	34.98621	,	127.773351	,	92	,	3	)	,
(	752	,	10	,	34.987293	,	127.77453	,	93	,	3	)	,
(	753	,	10.4	,	34.98784	,	127.774352	,	94	,	3	)	,
(	754	,	10	,	34.987975	,	127.774711	,	95	,	3	)	,
(	755	,	13.5	,	34.989446	,	127.775901	,	96	,	3	)	,
(	756	,	13.5	,	34.990013	,	127.775925	,	97	,	3	)	,
(	757	,	13.2	,	34.990833	,	127.776234	,	98	,	3	)	,
(	758	,	13.2	,	34.993069	,	127.77652	,	99	,	3	)	,
(	759	,	10.6	,	34.994878	,	127.776332	,	100	,	3	)	,
(	760	,	10	,	34.996045	,	127.776896	,	101	,	3	)	,
(	761	,	10	,	34.998343	,	127.7766	,	102	,	3	)	,
(	762	,	11.3	,	34.999465	,	127.777103	,	103	,	3	)	,
(	763	,	11.9	,	34.99901	,	127.778724	,	104	,	3	)	,
(	764	,	11.3	,	34.999124	,	127.779127	,	105	,	3	)	,
(	765	,	10.9	,	35.001546	,	127.780901	,	106	,	3	)	,
(	766	,	10	,	35.004456	,	127.782527	,	107	,	3	)	,
(	767	,	10.1	,	35.005928	,	127.783106	,	108	,	3	)	,
(	768	,	12.4	,	35.00874	,	127.78384	,	109	,	3	)	,
(	769	,	11.6	,	35.010652	,	127.783842	,	110	,	3	)	,
(	770	,	10.1	,	35.016361	,	127.782516	,	111	,	3	)	,
(	771	,	10.3	,	35.016919	,	127.782137	,	112	,	3	)	,
(	772	,	11.4	,	35.018593	,	127.781562	,	113	,	3	)	,
(	773	,	15.4	,	35.02023	,	127.781369	,	114	,	3	)	,
(	774	,	11.2	,	35.02189	,	127.780981	,	115	,	3	)	,
(	775	,	10	,	35.022305	,	127.780707	,	116	,	3	)	,
(	776	,	13.4	,	35.02257	,	127.780199	,	117	,	3	)	,
(	777	,	12.5	,	35.022464	,	127.77934	,	118	,	3	)	,
(	778	,	10	,	35.022767	,	127.778624	,	119	,	3	)	,
(	779	,	10	,	35.025465	,	127.775454	,	120	,	3	)	,
(	780	,	11	,	35.025732	,	127.774775	,	121	,	3	)	,
(	781	,	14.9	,	35.026902	,	127.77305	,	122	,	3	)	,
(	782	,	12.7	,	35.029192	,	127.770812	,	123	,	3	)	,
(	783	,	10.4	,	35.030017	,	127.769648	,	124	,	3	)	,
(	784	,	10	,	35.03022	,	127.768804	,	125	,	3	)	,
(	785	,	10	,	35.034271	,	127.767382	,	126	,	3	)	,
(	786	,	12.4	,	35.049258	,	127.765529	,	127	,	3	)	,
(	787	,	12	,	35.050201	,	127.765252	,	128	,	3	)	,
(	788	,	11.4	,	35.051183	,	127.76457	,	129	,	3	)	,
(	789	,	10.8	,	35.051929	,	127.763516	,	130	,	3	)	,
(	790	,	10.3	,	35.052572	,	127.761935	,	131	,	3	)	,
(	791	,	10	,	35.054635	,	127.75141	,	132	,	3	)	,
(	792	,	10	,	35.05511	,	127.750387	,	133	,	3	)	,
(	793	,	10	,	35.055931	,	127.749213	,	134	,	3	)	,
(	794	,	10	,	35.055976	,	127.748632	,	135	,	3	)	,
(	795	,	10	,	35.056695	,	127.748487	,	136	,	3	)	,
(	796	,	10.2	,	35.057642	,	127.746096	,	137	,	3	)	,
(	797	,	10	,	35.057942	,	127.744757	,	138	,	3	)	,
(	798	,	10.1	,	35.058527	,	127.743506	,	139	,	3	)	,
(	799	,	15.3	,	35.058795	,	127.742306	,	140	,	3	)	,
(	800	,	14.2	,	35.059695	,	127.740403	,	141	,	3	)	,
(	801	,	10	,	35.061628	,	127.738826	,	142	,	3	)	,
(	802	,	10	,	35.063332	,	127.737918	,	143	,	3	)	,
(	803	,	12.8	,	35.067701	,	127.737231	,	144	,	3	)	,
(	804	,	11.7	,	35.068883	,	127.736808	,	145	,	3	)	,
(	805	,	10.1	,	35.070199	,	127.736569	,	146	,	3	)	,
(	806	,	10	,	35.071143	,	127.735817	,	147	,	3	)	,
(	807	,	10	,	35.071892	,	127.734964	,	148	,	3	)	,
(	808	,	10	,	35.072852	,	127.73451	,	149	,	3	)	,
(	809	,	10	,	35.072943	,	127.734054	,	150	,	3	)	,
(	810	,	10	,	35.073198	,	127.733728	,	151	,	3	)	,
(	811	,	10	,	35.073976	,	127.733342	,	152	,	3	)	,
(	812	,	10	,	35.075023	,	127.732456	,	153	,	3	)	,
(	813	,	10	,	35.075548	,	127.731453	,	154	,	3	)	,
(	814	,	10.7	,	35.077447	,	127.725517	,	155	,	3	)	,
(	815	,	10	,	35.07792	,	127.725357	,	156	,	3	)	,
(	816	,	10.7	,	35.07848	,	127.724434	,	157	,	3	)	,
(	817	,	10	,	35.079382	,	127.721641	,	158	,	3	)	,
(	818	,	10	,	35.079262	,	127.721065	,	159	,	3	)	,
(	819	,	10.2	,	35.078876	,	127.720461	,	160	,	3	)	,
(	820	,	10	,	35.078984	,	127.719355	,	161	,	3	)	,
(	821	,	10	,	35.080549	,	127.715554	,	162	,	3	)	,
(	822	,	12	,	35.082495	,	127.713585	,	163	,	3	)	,
(	823	,	10	,	35.088038	,	127.709973	,	164	,	3	)	,
(	824	,	10	,	35.091283	,	127.707154	,	165	,	3	)	,
(	825	,	10	,	35.094793	,	127.704533	,	166	,	3	)	,
(	826	,	10	,	35.096522	,	127.702601	,	167	,	3	)	,
(	827	,	10	,	35.097272	,	127.701005	,	168	,	3	)	,
(	828	,	14.4	,	35.098512	,	127.699374	,	169	,	3	)	,
(	829	,	14.3	,	35.098548	,	127.698955	,	170	,	3	)	,
(	830	,	24.2	,	35.101558	,	127.695242	,	171	,	3	)	,
(	831	,	27	,	35.101762	,	127.694786	,	172	,	3	)	,
(	832	,	23.7	,	35.101686	,	127.693907	,	173	,	3	)	,
(	833	,	19.5	,	35.101817	,	127.693419	,	174	,	3	)	,
(	834	,	11	,	35.102477	,	127.692117	,	175	,	3	)	,
(	835	,	10.8	,	35.102894	,	127.691642	,	176	,	3	)	,
(	836	,	10	,	35.103569	,	127.691499	,	177	,	3	)	,
(	837	,	17	,	35.10465	,	127.692249	,	178	,	3	)	,
(	838	,	11.8	,	35.105186	,	127.692341	,	179	,	3	)	,
(	839	,	10.2	,	35.107057	,	127.691688	,	180	,	3	)	,
(	840	,	10	,	35.110141	,	127.691661	,	181	,	3	)	,
(	841	,	10	,	35.111169	,	127.691345	,	182	,	3	)	,
(	842	,	10	,	35.111774	,	127.691412	,	183	,	3	)	,
(	843	,	10	,	35.112025	,	127.691161	,	184	,	3	)	,
(	844	,	14.9	,	35.11412	,	127.691601	,	185	,	3	)	,
(	845	,	19.2	,	35.114972	,	127.691491	,	186	,	3	)	,
(	846	,	16.5	,	35.11523	,	127.691627	,	187	,	3	)	,
(	847	,	10.2	,	35.116769	,	127.691626	,	188	,	3	)	,
(	848	,	10	,	35.117222	,	127.691387	,	189	,	3	)	,
(	849	,	10.1	,	35.118178	,	127.691384	,	190	,	3	)	,
(	850	,	12.6	,	35.118322	,	127.69119	,	191	,	3	)	,
(	851	,	10	,	35.118349	,	127.69174	,	192	,	3	)	,
(	852	,	10	,	35.11883	,	127.692131	,	193	,	3	)	,
(	853	,	10	,	35.120324	,	127.692789	,	194	,	3	)	,
(	854	,	10	,	35.121284	,	127.692971	,	195	,	3	)	,
(	855	,	10	,	35.125882	,	127.692204	,	196	,	3	)	,
(	856	,	15	,	35.126515	,	127.691576	,	197	,	3	)	,
(	857	,	14.4	,	35.1269	,	127.69159	,	198	,	3	)	,
(	858	,	11.1	,	35.128663	,	127.690723	,	199	,	3	)	,
(	859	,	11.9	,	35.129882	,	127.689434	,	200	,	3	)	,
(	860	,	15.8	,	35.130007	,	127.689012	,	201	,	3	)	,
(	861	,	17.6	,	35.130461	,	127.688526	,	202	,	3	)	,
(	862	,	16.2	,	35.131385	,	127.687866	,	203	,	3	)	,
(	863	,	14.6	,	35.132535	,	127.688039	,	204	,	3	)	,
(	864	,	14.5	,	35.133857	,	127.687234	,	205	,	3	)	,
(	865	,	12.9	,	35.13553	,	127.685617	,	206	,	3	)	,
(	866	,	15.6	,	35.13669	,	127.683845	,	207	,	3	)	,
(	867	,	15.4	,	35.138358	,	127.681767	,	208	,	3	)	,
(	868	,	17	,	35.140223	,	127.680039	,	209	,	3	)	,
(	869	,	17.8	,	35.142256	,	127.677061	,	210	,	3	)	,
(	870	,	18.6	,	35.1435	,	127.676274	,	211	,	3	)	,
(	871	,	17	,	35.145035	,	127.674542	,	212	,	3	)	,
(	872	,	16.4	,	35.147657	,	127.672637	,	213	,	3	)	,
(	873	,	16.9	,	35.149093	,	127.66956	,	214	,	3	)	,
(	874	,	17.1	,	35.15339	,	127.664605	,	215	,	3	)	,
(	875	,	17.3	,	35.156057	,	127.659854	,	216	,	3	)	,
(	876	,	16.8	,	35.158103	,	127.657564	,	217	,	3	)	,
(	877	,	15.9	,	35.158194	,	127.656947	,	218	,	3	)	,
(	878	,	13.2	,	35.157567	,	127.654879	,	219	,	3	)	,
(	879	,	12.6	,	35.157386	,	127.653694	,	220	,	3	)	,
(	880	,	18	,	35.158007	,	127.649893	,	221	,	3	)	,
(	881	,	18.7	,	35.158314	,	127.649021	,	222	,	3	)	,
(	882	,	18.5	,	35.160723	,	127.645093	,	223	,	3	)	,
(	883	,	17.8	,	35.163471	,	127.642589	,	224	,	3	)	,
(	884	,	21.7	,	35.164521	,	127.642114	,	225	,	3	)	,
(	885	,	21.9	,	35.165231	,	127.641536	,	226	,	3	)	,
(	886	,	18.8	,	35.165531	,	127.641825	,	227	,	3	)	,
(	887	,	14.2	,	35.165995	,	127.641644	,	228	,	3	)	,
(	888	,	13.4	,	35.167547	,	127.639987	,	229	,	3	)	,
(	889	,	11.4	,	35.170241	,	127.638681	,	230	,	3	)	,
(	890	,	12.8	,	35.17257	,	127.636939	,	231	,	3	)	,
(	891	,	11.1	,	35.172686	,	127.63672	,	232	,	3	)	,
(	892	,	13.9	,	35.172573	,	127.636211	,	233	,	3	)	,
(	893	,	12.5	,	35.17313	,	127.63592	,	234	,	3	)	,
(	894	,	19.6	,	35.172849	,	127.635408	,	235	,	3	)	,
(	895	,	20	,	35.173041	,	127.635242	,	236	,	3	)	,
(	896	,	22.7	,	35.172994	,	127.634977	,	237	,	3	)	,
(	897	,	21.4	,	35.173358	,	127.634339	,	238	,	3	)	,
(	898	,	18.7	,	35.173888	,	127.632129	,	239	,	3	)	,
(	899	,	17.7	,	35.174214	,	127.631518	,	240	,	3	)	,
(	900	,	18	,	35.175597	,	127.630439	,	241	,	3	)	,
(	901	,	16.2	,	35.178145	,	127.629178	,	242	,	3	)	,
(	902	,	17.8	,	35.179439	,	127.628137	,	243	,	3	)	,
(	903	,	17.2	,	35.180832	,	127.625953	,	244	,	3	)	,
(	904	,	13.6	,	35.18143	,	127.62357	,	245	,	3	)	,
(	905	,	16.7	,	35.182543	,	127.622148	,	246	,	3	)	,
(	906	,	16.1	,	35.183454	,	127.621684	,	247	,	3	)	,
(	907	,	22.2	,	35.186893	,	127.620643	,	248	,	3	)	,
(	908	,	21.9	,	35.18778	,	127.619542	,	249	,	3	)	,
(	909	,	21.3	,	35.189444	,	127.61798	,	250	,	3	)	,
(	910	,	21.2	,	35.192393	,	127.613135	,	251	,	3	)	,
(	911	,	21.5	,	35.194754	,	127.610585	,	252	,	3	)	,
(	912	,	21.1	,	35.19555	,	127.608655	,	253	,	3	)	,
(	913	,	24.3	,	35.196982	,	127.607206	,	254	,	3	)	,
(	914	,	24.7	,	35.197351	,	127.605318	,	255	,	3	)	,
(	915	,	24.7	,	35.197335	,	127.604057	,	256	,	3	)	,
(	916	,	23	,	35.19863	,	127.600318	,	257	,	3	)	,
(	917	,	23.9	,	35.198666	,	127.598114	,	258	,	3	)	,
(	918	,	23.4	,	35.199078	,	127.595702	,	259	,	3	)	,
(	919	,	27.5	,	35.201023	,	127.590487	,	260	,	3	)	,
(	920	,	21.3	,	35.200837	,	127.586204	,	261	,	3	)	,
(	921	,	26.3	,	35.200315	,	127.58461	,	262	,	3	)	,
(	922	,	28	,	35.199839	,	127.581442	,	263	,	3	)	,
(	923	,	25.1	,	35.19927	,	127.579139	,	264	,	3	)	,
(	924	,	22.3	,	35.197539	,	127.573669	,	265	,	3	)	,
(	925	,	26.8	,	35.197288	,	127.571393	,	266	,	3	)	,
(	926	,	23.9	,	35.196607	,	127.570245	,	267	,	3	)	,
(	927	,	29.3	,	35.195361	,	127.569062	,	268	,	3	)	,
(	928	,	28.3	,	35.194487	,	127.567153	,	269	,	3	)	,
(	929	,	25.6	,	35.194866	,	127.564286	,	270	,	3	)	,
(	930	,	25.7	,	35.194775	,	127.563563	,	271	,	3	)	,
(	931	,	25	,	35.194352	,	127.562878	,	272	,	3	)	,
(	932	,	28	,	35.192019	,	127.561288	,	273	,	3	)	,
(	933	,	27.7	,	35.191136	,	127.560344	,	274	,	3	)	,
(	934	,	27.3	,	35.189973	,	127.557595	,	275	,	3	)	,
(	935	,	26.5	,	35.189145	,	127.556475	,	276	,	3	)	,
(	936	,	27.3	,	35.188018	,	127.553652	,	277	,	3	)	,
(	937	,	27.7	,	35.188373	,	127.544413	,	278	,	3	)	,
(	938	,	25.9	,	35.188102	,	127.544231	,	279	,	3	)	,
(	939	,	20.9	,	35.18594	,	127.544058	,	280	,	3	)	,
(	940	,	25	,	35.182838	,	127.543064	,	281	,	3	)	,
(	941	,	28.6	,	35.180635	,	127.543359	,	282	,	3	)	,
(	942	,	28.9	,	35.180267	,	127.5433	,	283	,	3	)	,
(	943	,	28.8	,	35.1802	,	127.543029	,	284	,	3	)	,
(	944	,	29.8	,	35.180563	,	127.539238	,	285	,	3	)	,
(	945	,	29.2	,	35.180886	,	127.538734	,	286	,	3	)	,
(	946	,	29.7	,	35.181999	,	127.538078	,	287	,	3	)	,
(	947	,	29.8	,	35.183181	,	127.536374	,	288	,	3	)	,
(	948	,	29.6	,	35.183642	,	127.535329	,	289	,	3	)	,
(	949	,	26.5	,	35.184069	,	127.528775	,	290	,	3	)	,
(	950	,	26.4	,	35.183722	,	127.52523	,	291	,	3	)	,
(	951	,	22.2	,	35.183902	,	127.524841	,	292	,	3	)	,
(	952	,	24.9	,	35.184502	,	127.524474	,	293	,	3	)	,
(	953	,	27.4	,	35.184741	,	127.524069	,	294	,	3	)	,
(	954	,	34.1	,	35.185331	,	127.519944	,	295	,	3	)	,
(	955	,	28.8	,	35.188045	,	127.511987	,	296	,	3	)	,
(	956	,	29	,	35.189055	,	127.50979	,	297	,	3	)	,
(	957	,	35.8	,	35.190593	,	127.507022	,	298	,	3	)	,
(	958	,	35.2	,	35.191405	,	127.504685	,	299	,	3	)	,
(	959	,	35.5	,	35.191506	,	127.503241	,	300	,	3	)	,
(	960	,	32.8	,	35.191307	,	127.502436	,	301	,	3	)	,
(	961	,	33.1	,	35.190506	,	127.500845	,	302	,	3	)	,
(	962	,	30	,	35.18941	,	127.49983	,	303	,	3	)	,
(	963	,	30	,	35.189144	,	127.499158	,	304	,	3	)	,
(	964	,	30.2	,	35.190281	,	127.498457	,	305	,	3	)	,
(	965	,	30.4	,	35.190692	,	127.497951	,	306	,	3	)	,
(	966	,	30.3	,	35.19051	,	127.497371	,	307	,	3	)	,
(	967	,	29.8	,	35.191918	,	127.49563	,	308	,	3	)	,
(	968	,	30	,	35.192459	,	127.497059	,	309	,	3	)	,
(	969	,	29.8	,	35.193113	,	127.497116	,	310	,	3	)	,
(	970	,	28.2	,	35.193498	,	127.496972	,	311	,	3	)	,
(	971	,	29.3	,	35.198615	,	127.493447	,	312	,	3	)	,
(	972	,	29	,	35.199346	,	127.492675	,	313	,	3	)	,
(	973	,	30	,	35.200017	,	127.491476	,	314	,	3	)	,
(	974	,	28.9	,	35.200427	,	127.489776	,	315	,	3	)	,
(	975	,	29.2	,	35.200388	,	127.486586	,	316	,	3	)	,
(	976	,	29.5	,	35.199847	,	127.484059	,	317	,	3	)	,
(	977	,	29.5	,	35.197874	,	127.478592	,	318	,	3	)	,
(	978	,	28.7	,	35.196143	,	127.474962	,	319	,	3	)	,
(	979	,	29.4	,	35.193544	,	127.471833	,	320	,	3	)	,
(	980	,	30	,	35.192312	,	127.470875	,	321	,	3	)	,
(	981	,	30	,	35.189397	,	127.469663	,	322	,	3	)	,
(	982	,	30	,	35.185912	,	127.46925	,	323	,	3	)	,
(	983	,	30	,	35.184287	,	127.469222	,	324	,	3	)	,
(	984	,	30	,	35.181942	,	127.469521	,	325	,	3	)	,
(	985	,	30.6	,	35.181735	,	127.469669	,	326	,	3	)	,
(	986	,	36.2	,	35.181551	,	127.470197	,	327	,	3	)	,
(	987	,	33.2	,	35.18048	,	127.469781	,	328	,	3	)	,
(	988	,	30.3	,	35.175097	,	127.469413	,	329	,	3	)	,
(	989	,	32.9	,	35.172649	,	127.469572	,	330	,	3	)	,
(	990	,	32.8	,	35.171122	,	127.469359	,	331	,	3	)	,
(	991	,	32.7	,	35.169762	,	127.468735	,	332	,	3	)	,
(	992	,	30.9	,	35.166049	,	127.466309	,	333	,	3	)	,
(	993	,	30.4	,	35.164516	,	127.465722	,	334	,	3	)	,
(	994	,	30.8	,	35.162283	,	127.463828	,	335	,	3	)	,
(	995	,	32.2	,	35.160998	,	127.463436	,	336	,	3	)	,
(	996	,	30	,	35.159768	,	127.461198	,	337	,	3	)	,
(	997	,	30	,	35.15822	,	127.459736	,	338	,	3	)	,
(	998	,	30.3	,	35.158577	,	127.458856	,	339	,	3	)	,
(	999	,	30	,	35.160524	,	127.460204	,	340	,	3	)	,
(	1000	,	30	,	35.160724	,	127.460164	,	341	,	3	)	,
(	1001	,	30.2	,	35.161977	,	127.456335	,	342	,	3	)	,
(	1002	,	35.8	,	35.16145	,	127.455458	,	343	,	3	)	,
(	1003	,	34	,	35.162757	,	127.454133	,	344	,	3	)	,
(	1004	,	33	,	35.163684	,	127.452927	,	345	,	3	)	,
(	1005	,	36	,	35.167382	,	127.455301	,	346	,	3	)	,
(	1006	,	36.4	,	35.167524	,	127.454923	,	347	,	3	)	,
(	1007	,	34	,	35.16706	,	127.45431	,	348	,	3	)	,
(	1008	,	31.7	,	35.166947	,	127.453341	,	349	,	3	)	,
(	1009	,	31.6	,	35.1694	,	127.448035	,	350	,	3	)	,
(	1010	,	33.7	,	35.171189	,	127.444908	,	351	,	3	)	,
(	1011	,	33.7	,	35.176314	,	127.439067	,	352	,	3	)	,
(	1012	,	34.8	,	35.177631	,	127.43799	,	353	,	3	)	,
(	1013	,	34.6	,	35.179115	,	127.436122	,	354	,	3	)	,
(	1014	,	41.7	,	35.181014	,	127.43447	,	355	,	3	)	,
(	1015	,	43.6	,	35.181624	,	127.433565	,	356	,	3	)	,
(	1016	,	42.6	,	35.182052	,	127.431901	,	357	,	3	)	,
(	1017	,	42.2	,	35.183698	,	127.430422	,	358	,	3	)	,
(	1018	,	41	,	35.184355	,	127.429479	,	359	,	3	)	,
(	1019	,	41.2	,	35.184508	,	127.428973	,	360	,	3	)	,
(	1020	,	38.7	,	35.184548	,	127.427396	,	361	,	3	)	,
(	1021	,	36.7	,	35.186535	,	127.423281	,	362	,	3	)	,
(	1022	,	34.4	,	35.187141	,	127.422382	,	363	,	3	)	,
(	1023	,	36	,	35.188664	,	127.418198	,	364	,	3	)	,
(	1024	,	41.2	,	35.189608	,	127.416282	,	365	,	3	)	,
(	1025	,	33.3	,	35.189559	,	127.412427	,	366	,	3	)	,
(	1026	,	36.6	,	35.189719	,	127.409408	,	367	,	3	)	,
(	1027	,	37.6	,	35.19176	,	127.402567	,	368	,	3	)	,
(	1028	,	41.2	,	35.191075	,	127.398145	,	369	,	3	)	,
(	1029	,	39	,	35.190673	,	127.396827	,	370	,	3	)	,
(	1030	,	48.3	,	35.190768	,	127.393745	,	371	,	3	)	,
(	1031	,	46.3	,	35.190132	,	127.391878	,	372	,	3	)	,
(	1032	,	42.3	,	35.190037	,	127.389384	,	373	,	3	)	,
(	1033	,	42.6	,	35.190274	,	127.387554	,	374	,	3	)	,
(	1034	,	46.4	,	35.190791	,	127.385907	,	375	,	3	)	,
(	1035	,	41.9	,	35.191152	,	127.383416	,	376	,	3	)	,
(	1036	,	43.8	,	35.192005	,	127.381265	,	377	,	3	)	,
(	1037	,	44.7	,	35.193171	,	127.379148	,	378	,	3	)	,
(	1038	,	47.3	,	35.194436	,	127.378081	,	379	,	3	)	,
(	1039	,	44.5	,	35.197571	,	127.37698	,	380	,	3	)	,
(	1040	,	44.5	,	35.199439	,	127.375654	,	381	,	3	)	,
(	1041	,	42.2	,	35.201152	,	127.374981	,	382	,	3	)	,
(	1042	,	46.7	,	35.202786	,	127.3747	,	383	,	3	)	,
(	1043	,	46.4	,	35.20519	,	127.37382	,	384	,	3	)	,
(	1044	,	42.3	,	35.209266	,	127.373261	,	385	,	3	)	,
(	1045	,	44.9	,	35.211718	,	127.373812	,	386	,	3	)	,
(	1046	,	42.6	,	35.214591	,	127.375288	,	387	,	3	)	,
(	1047	,	47.6	,	35.216178	,	127.375402	,	388	,	3	)	,
(	1048	,	48	,	35.21765	,	127.37506	,	389	,	3	)	,
(	1049	,	46.8	,	35.218515	,	127.374314	,	390	,	3	)	,
(	1050	,	45.4	,	35.220181	,	127.371637	,	391	,	3	)	,
(	1051	,	46.4	,	35.222136	,	127.370101	,	392	,	3	)	,
(	1052	,	44.4	,	35.22348	,	127.369325	,	393	,	3	)	,
(	1053	,	44.3	,	35.224444	,	127.368257	,	394	,	3	)	,
(	1054	,	43.7	,	35.224819	,	127.368121	,	395	,	3	)	,
(	1055	,	41.4	,	35.225826	,	127.368025	,	396	,	3	)	,
(	1056	,	42.7	,	35.226501	,	127.368311	,	397	,	3	)	,
(	1057	,	40	,	35.229223	,	127.370704	,	398	,	3	)	,
(	1058	,	43.9	,	35.230356	,	127.369511	,	399	,	3	)	,
(	1059	,	40.9	,	35.2313	,	127.370033	,	400	,	3	)	,
(	1060	,	43.5	,	35.232936	,	127.370561	,	401	,	3	)	,
(	1061	,	42.4	,	35.234074	,	127.370716	,	402	,	3	)	,
(	1062	,	41.2	,	35.236551	,	127.370427	,	403	,	3	)	,
(	1063	,	40.4	,	35.237521	,	127.369922	,	404	,	3	)	,
(	1064	,	40.2	,	35.238941	,	127.370188	,	405	,	3	)	,
(	1065	,	46.4	,	35.240634	,	127.36931	,	406	,	3	)	,
(	1066	,	41.2	,	35.241498	,	127.368555	,	407	,	3	)	,
(	1067	,	46.5	,	35.243052	,	127.366017	,	408	,	3	)	,
(	1068	,	43.3	,	35.245625	,	127.363466	,	409	,	3	)	,
(	1069	,	47.2	,	35.248155	,	127.360204	,	410	,	3	)	,
(	1070	,	44.8	,	35.248711	,	127.35842	,	411	,	3	)	,
(	1071	,	43.9	,	35.248844	,	127.356707	,	412	,	3	)	,
(	1072	,	44.2	,	35.249066	,	127.355995	,	413	,	3	)	,
(	1073	,	47.6	,	35.24956	,	127.355237	,	414	,	3	)	,
(	1074	,	45.1	,	35.250944	,	127.353783	,	415	,	3	)	,
(	1075	,	44.5	,	35.254053	,	127.35212	,	416	,	3	)	,
(	1076	,	49.4	,	35.256588	,	127.35014	,	417	,	3	)	,
(	1077	,	48.9	,	35.261371	,	127.349072	,	418	,	3	)	,
(	1078	,	48.7	,	35.261949	,	127.348793	,	419	,	3	)	,
(	1079	,	49.7	,	35.262627	,	127.348068	,	420	,	3	)	,
(	1080	,	49.9	,	35.26431	,	127.344464	,	421	,	3	)	,
(	1081	,	52.2	,	35.264933	,	127.341035	,	422	,	3	)	,
(	1082	,	53.3	,	35.265831	,	127.339408	,	423	,	3	)	,
(	1083	,	52.2	,	35.266832	,	127.336069	,	424	,	3	)	,
(	1084	,	51.9	,	35.266983	,	127.335349	,	425	,	3	)	,
(	1085	,	52.2	,	35.266913	,	127.333448	,	426	,	3	)	,
(	1086	,	50	,	35.267942	,	127.329642	,	427	,	3	)	,
(	1087	,	50	,	35.268737	,	127.328391	,	428	,	3	)	,
(	1088	,	50	,	35.27235	,	127.324181	,	429	,	3	)	,
(	1089	,	50	,	35.272484	,	127.323208	,	430	,	3	)	,
(	1090	,	50	,	35.272734	,	127.324072	,	431	,	3	)	,
(	1091	,	50	,	35.272735	,	127.32503	,	432	,	3	)	,
(	1092	,	50	,	35.273692	,	127.327011	,	433	,	3	)	,
(	1093	,	50	,	35.273491	,	127.327724	,	434	,	3	)	,
(	1094	,	50	,	35.273669	,	127.328058	,	435	,	3	)	,
(	1095	,	50	,	35.275561	,	127.32769	,	436	,	3	)	,
(	1096	,	50	,	35.275846	,	127.327825	,	437	,	3	)	,
(	1097	,	50	,	35.27593	,	127.32818	,	438	,	3	)	,
(	1098	,	50	,	35.276487	,	127.328288	,	439	,	3	)	,
(	1099	,	50	,	35.276738	,	127.327878	,	440	,	3	)	,
(	1100	,	50	,	35.27718	,	127.327999	,	441	,	3	)	,
(	1101	,	50	,	35.281685	,	127.329967	,	442	,	3	)	,
(	1102	,	50	,	35.28339	,	127.331515	,	443	,	3	)	,
(	1103	,	50.4	,	35.285045	,	127.332389	,	444	,	3	)	,
(	1104	,	50.5	,	35.286461	,	127.332558	,	445	,	3	)	,
(	1105	,	50.2	,	35.289506	,	127.332069	,	446	,	3	)	,
(	1106	,	50	,	35.290614	,	127.331752	,	447	,	3	)	,
(	1107	,	50.3	,	35.295174	,	127.32976	,	448	,	3	)	,
(	1108	,	50.6	,	35.299003	,	127.329294	,	449	,	3	)	,
(	1109	,	53.8	,	35.30059	,	127.328783	,	450	,	3	)	,
(	1110	,	56.6	,	35.302353	,	127.32851	,	451	,	3	)	,
(	1111	,	53.4	,	35.302974	,	127.327696	,	452	,	3	)	,
(	1112	,	53.3	,	35.30339	,	127.327785	,	453	,	3	)	,
(	1113	,	52.9	,	35.303956	,	127.328196	,	454	,	3	)	,
(	1114	,	50.7	,	35.305961	,	127.327945	,	455	,	3	)	,
(	1115	,	51.2	,	35.308608	,	127.32532	,	456	,	3	)	,
(	1116	,	50.8	,	35.309365	,	127.325059	,	457	,	3	)	,
(	1117	,	51.3	,	35.310126	,	127.325226	,	458	,	3	)	,
(	1118	,	50	,	35.310801	,	127.324066	,	459	,	3	)	,
(	1119	,	50	,	35.31055	,	127.323449	,	460	,	3	)	,
(	1120	,	50.1	,	35.31064	,	127.32015	,	461	,	3	)	,
(	1121	,	50.1	,	35.310982	,	127.319119	,	462	,	3	)	,
(	1122	,	50.1	,	35.311702	,	127.318057	,	463	,	3	)	,
(	1123	,	50.3	,	35.3123	,	127.317574	,	464	,	3	)	,
(	1124	,	57.4	,	35.319734	,	127.313811	,	465	,	3	)	,
(	1125	,	57.8	,	35.318797	,	127.310875	,	466	,	3	)	,
(	1126	,	50	,	35.310321	,	127.314936	,	467	,	3	)	,
(	1127	,	50	,	35.309495	,	127.31518	,	468	,	3	)	,
(	1128	,	50	,	35.308461	,	127.315044	,	469	,	3	)	,
(	1129	,	50	,	35.307636	,	127.314485	,	470	,	3	)	,
(	1130	,	50	,	35.306783	,	127.313357	,	471	,	3	)	,
(	1131	,	50	,	35.306424	,	127.312236	,	472	,	3	)	,
(	1132	,	50	,	35.306196	,	127.309146	,	473	,	3	)	,
(	1133	,	50.1	,	35.306862	,	127.306642	,	474	,	3	)	,
(	1134	,	50.2	,	35.310618	,	127.299407	,	475	,	3	)	,
(	1135	,	50.1	,	35.31078	,	127.298768	,	476	,	3	)	,
(	1136	,	50.5	,	35.312912	,	127.295136	,	477	,	3	)	,
(	1137	,	50.3	,	35.313426	,	127.293713	,	478	,	3	)	,
(	1138	,	55.3	,	35.315082	,	127.287385	,	479	,	3	)	,
(	1139	,	56.5	,	35.314895	,	127.286806	,	480	,	3	)	,
(	1140	,	61	,	35.314946	,	127.284808	,	481	,	3	)	,
(	1141	,	60.8	,	35.315075	,	127.284443	,	482	,	3	)	,
(	1142	,	61.9	,	35.314901	,	127.284104	,	483	,	3	)	,
(	1143	,	61.4	,	35.314465	,	127.279978	,	484	,	3	)	,
(	1144	,	61.3	,	35.314431	,	127.278104	,	485	,	3	)	,
(	1145	,	60.8	,	35.314223	,	127.277435	,	486	,	3	)	,
(	1146	,	60.7	,	35.314002	,	127.275106	,	487	,	3	)	,
(	1147	,	62.9	,	35.313801	,	127.2714	,	488	,	3	)	,
(	1148	,	62.5	,	35.31396	,	127.270727	,	489	,	3	)	,
(	1149	,	61.1	,	35.313777	,	127.2696	,	490	,	3	)	,
(	1150	,	60.3	,	35.313826	,	127.268827	,	491	,	3	)	,
(	1151	,	62.6	,	35.314488	,	127.266744	,	492	,	3	)	,
(	1152	,	60.4	,	35.314449	,	127.265135	,	493	,	3	)	,
(	1153	,	61	,	35.312796	,	127.259584	,	494	,	3	)	,
(	1154	,	61.4	,	35.312789	,	127.258659	,	495	,	3	)	,
(	1155	,	60.2	,	35.313701	,	127.256496	,	496	,	3	)	,
(	1156	,	61.5	,	35.315147	,	127.253823	,	497	,	3	)	,
(	1157	,	61.4	,	35.315774	,	127.25307	,	498	,	3	)	,
(	1158	,	60.9	,	35.318829	,	127.25105	,	499	,	3	)	,
(	1159	,	62.1	,	35.321102	,	127.247411	,	500	,	3	)	,
(	1160	,	63.8	,	35.322946	,	127.244969	,	501	,	3	)	,
(	1161	,	61.6	,	35.32354	,	127.243631	,	502	,	3	)	,
(	1162	,	66.1	,	35.326692	,	127.240655	,	503	,	3	)	,
(	1163	,	71.8	,	35.327778	,	127.240255	,	504	,	3	)	,
(	1164	,	71.9	,	35.32866	,	127.239496	,	505	,	3	)	,
(	1165	,	71.2	,	35.329072	,	127.238693	,	506	,	3	)	,
(	1166	,	69.1	,	35.329547	,	127.236834	,	507	,	3	)	,
(	1167	,	71.8	,	35.330141	,	127.23572	,	508	,	3	)	,
(	1168	,	68.1	,	35.331126	,	127.234968	,	509	,	3	)	,
(	1169	,	72	,	35.33336	,	127.234567	,	510	,	3	)	,
(	1170	,	71.5	,	35.333977	,	127.23432	,	511	,	3	)	,
(	1171	,	73.1	,	35.336272	,	127.232174	,	512	,	3	)	,
(	1172	,	75.2	,	35.336677	,	127.231555	,	513	,	3	)	,
(	1173	,	65.9	,	35.336558	,	127.230993	,	514	,	3	)	,
(	1174	,	61.7	,	35.337444	,	127.227124	,	515	,	3	)	,
(	1175	,	61.9	,	35.338001	,	127.226746	,	516	,	3	)	,
(	1176	,	61.9	,	35.337989	,	127.226134	,	517	,	3	)	,
(	1177	,	61.7	,	35.33774	,	127.225826	,	518	,	3	)	,
(	1178	,	61.2	,	35.337473	,	127.221408	,	519	,	3	)	,
(	1179	,	61.4	,	35.336927	,	127.219641	,	520	,	3	)	,
(	1180	,	62.1	,	35.335618	,	127.21786	,	521	,	3	)	,
(	1181	,	69.3	,	35.333732	,	127.216502	,	522	,	3	)	,
(	1182	,	69.8	,	35.331802	,	127.215406	,	523	,	3	)	,
(	1183	,	70	,	35.3298	,	127.214739	,	524	,	3	)	,
(	1184	,	70	,	35.328341	,	127.214687	,	525	,	3	)	,
(	1185	,	70.2	,	35.320831	,	127.215868	,	526	,	3	)	,
(	1186	,	70	,	35.319513	,	127.215454	,	527	,	3	)	,
(	1187	,	70	,	35.318268	,	127.214464	,	528	,	3	)	,
(	1188	,	70	,	35.317845	,	127.213556	,	529	,	3	)	,
(	1189	,	70	,	35.317148	,	127.20859	,	530	,	3	)	,
(	1190	,	70	,	35.317191	,	127.205769	,	531	,	3	)	,
(	1191	,	70.8	,	35.317015	,	127.204157	,	532	,	3	)	,
(	1192	,	71.7	,	35.317	,	127.201471	,	533	,	3	)	,
(	1193	,	70.8	,	35.317343	,	127.199901	,	534	,	3	)	,
(	1194	,	70	,	35.31755	,	127.199299	,	535	,	3	)	,
(	1195	,	70	,	35.318028	,	127.198792	,	536	,	3	)	,
(	1196	,	71.5	,	35.319001	,	127.198453	,	537	,	3	)	,
(	1197	,	70	,	35.320259	,	127.196619	,	538	,	3	)	,
(	1198	,	70.8	,	35.324057	,	127.187648	,	539	,	3	)	,
(	1199	,	70	,	35.325056	,	127.18655	,	540	,	3	)	,
(	1200	,	70.5	,	35.326653	,	127.185402	,	541	,	3	)	,
(	1201	,	71.4	,	35.328248	,	127.184949	,	542	,	3	)	,
(	1202	,	71.9	,	35.330179	,	127.184737	,	543	,	3	)	,
(	1203	,	72	,	35.331147	,	127.184777	,	544	,	3	)	,
(	1204	,	72.8	,	35.332625	,	127.185285	,	545	,	3	)	,
(	1205	,	72.1	,	35.334434	,	127.186447	,	546	,	3	)	,
(	1206	,	74.2	,	35.335333	,	127.187362	,	547	,	3	)	,
(	1207	,	74.3	,	35.335995	,	127.188421	,	548	,	3	)	,
(	1208	,	76.2	,	35.336515	,	127.190277	,	549	,	3	)	,
(	1209	,	177.4	,	35.340738	,	127.186321	,	550	,	3	)	,
(	1210	,	88.2	,	35.341696	,	127.184681	,	551	,	3	)	,
(	1211	,	77.5	,	35.342478	,	127.186578	,	552	,	3	)	,
(	1212	,	71.1	,	35.343397	,	127.186053	,	553	,	3	)	,
(	1213	,	70	,	35.344294	,	127.185922	,	554	,	3	)	,
(	1214	,	70.3	,	35.346942	,	127.18682	,	555	,	3	)	,
(	1215	,	70.1	,	35.346677	,	127.186891	,	556	,	3	)	,
(	1216	,	70.1	,	35.346769	,	127.187089	,	557	,	3	)	,
(	1217	,	70.3	,	35.34734	,	127.186947	,	558	,	3	)	,
(	1218	,	70.3	,	35.349322	,	127.187685	,	559	,	3	)	,
(	1219	,	70.8	,	35.349496	,	127.18809	,	560	,	3	)	,
(	1220	,	70.2	,	35.3498	,	127.187858	,	561	,	3	)	,
(	1221	,	70.1	,	35.351044	,	127.188022	,	562	,	3	)	,
(	1222	,	70.4	,	35.355684	,	127.185244	,	563	,	3	)	,
(	1223	,	75.8	,	35.361369	,	127.183094	,	564	,	3	)	,
(	1224	,	76.3	,	35.361723	,	127.182646	,	565	,	3	)	,
(	1225	,	77	,	35.361978	,	127.181861	,	566	,	3	)	,
(	1226	,	79	,	35.361907	,	127.179379	,	567	,	3	)	,
(	1227	,	81.3	,	35.360713	,	127.175401	,	568	,	3	)	,
(	1228	,	80	,	35.361678	,	127.174888	,	569	,	3	)	,
(	1229	,	80	,	35.361304	,	127.173506	,	570	,	3	)	,
(	1230	,	81.5	,	35.361372	,	127.172652	,	571	,	3	)	,
(	1231	,	81.1	,	35.361923	,	127.17185	,	572	,	3	)	,
(	1232	,	85.5	,	35.363119	,	127.169413	,	573	,	3	)	,
(	1233	,	84.5	,	35.36389	,	127.166979	,	574	,	3	)	,
(	1234	,	85.7	,	35.364178	,	127.165225	,	575	,	3	)	,
(	1235	,	88.2	,	35.364094	,	127.162818	,	576	,	3	)	,
(	1236	,	91.3	,	35.36466	,	127.161917	,	577	,	3	)	,
(	1237	,	92.4	,	35.365669	,	127.161052	,	578	,	3	)	,
(	1238	,	93.4	,	35.366024	,	127.159985	,	579	,	3	)	,
(	1239	,	102.6	,	35.366688	,	127.158811	,	580	,	3	)	,
(	1240	,	108.1	,	35.368842	,	127.15574	,	581	,	3	)	,
(	1241	,	101.8	,	35.370534	,	127.154527	,	582	,	3	)	,
(	1242	,	101.5	,	35.370793	,	127.154182	,	583	,	3	)	,
(	1243	,	96.3	,	35.371248	,	127.152558	,	584	,	3	)	,
(	1244	,	90	,	35.371655	,	127.149499	,	585	,	3	)	,
(	1245	,	90	,	35.371825	,	127.149383	,	586	,	3	)	,
(	1246	,	90	,	35.375353	,	127.149877	,	587	,	3	)	,
(	1247	,	90	,	35.375369	,	127.149659	,	588	,	3	)	,
(	1248	,	90	,	35.375566	,	127.149655	,	589	,	3	)	,
(	1249	,	90	,	35.376566	,	127.141457	,	590	,	3	)	,
(	1250	,	90	,	35.376869	,	127.141527	,	591	,	3	)	,
(	1251	,	90	,	35.376809	,	127.141309	,	592	,	3	)	,
(	1252	,	15	,	37.51864	,	127.06578	,	0	,	4	)	,
(	1253	,	14.95	,	37.52027	,	127.0648	,	1	,	4	)	,
(	1254	,	15.15	,	37.52093	,	127.06424	,	2	,	4	)	,
(	1255	,	15.49	,	37.52143	,	127.0635	,	3	,	4	)	,
(	1256	,	15.55	,	37.5222	,	127.0629	,	4	,	4	)	,
(	1257	,	15.56	,	37.5228	,	127.062	,	5	,	4	)	,
(	1258	,	15.63	,	37.52498	,	127.05771	,	6	,	4	)	,
(	1259	,	15.71	,	37.52767	,	127.05448	,	7	,	4	)	,
(	1260	,	15.81	,	37.52842	,	127.05313	,	8	,	4	)	,
(	1261	,	16.11	,	37.53002	,	127.04663	,	9	,	4	)	,
(	1262	,	16.37	,	37.53125	,	127.04259	,	10	,	4	)	,
(	1263	,	18.92	,	37.53422	,	127.0313	,	11	,	4	)	,
(	1264	,	22.1	,	37.53456	,	127.02928	,	12	,	4	)	,
(	1265	,	21.15	,	37.53451	,	127.02808	,	13	,	4	)	,
(	1266	,	20.6	,	37.53425	,	127.02697	,	14	,	4	)	,
(	1267	,	21.42	,	37.53359	,	127.02553	,	15	,	4	)	,
(	1268	,	17.31	,	37.52946	,	127.02058	,	16	,	4	)	,
(	1269	,	17.52	,	37.52888	,	127.02021	,	17	,	4	)	,
(	1270	,	17.58	,	37.52859	,	127.01953	,	18	,	4	)	,
(	1271	,	17.39	,	37.52466	,	127.01478	,	19	,	4	)	,
(	1272	,	17.39	,	37.51928	,	127.00864	,	20	,	4	)	,
(	1273	,	17.44	,	37.51891	,	127.00859	,	21	,	4	)	,
(	1274	,	17.4	,	37.51807	,	127.00768	,	22	,	4	)	,
(	1275	,	16.73	,	37.5176	,	127.00746	,	23	,	4	)	,
(	1276	,	15.36	,	37.51734	,	127.00669	,	24	,	4	)	,
(	1277	,	15.16	,	37.51699	,	127.00626	,	25	,	4	)	,
(	1278	,	14.89	,	37.51559	,	127.00548	,	26	,	4	)	,
(	1279	,	14.47	,	37.51429	,	127.00385	,	27	,	4	)	,
(	1280	,	14.14	,	37.51352	,	127.00244	,	28	,	4	)	,
(	1281	,	13.43	,	37.51227	,	127.00146	,	29	,	4	)	,
(	1282	,	13.47	,	37.51194	,	127.00037	,	30	,	4	)	,
(	1283	,	13.38	,	37.51107	,	126.99888	,	31	,	4	)	,
(	1284	,	14.01	,	37.51088	,	126.99825	,	32	,	4	)	,
(	1285	,	12.44	,	37.51384	,	126.99673	,	33	,	4	)	,
(	1286	,	14.48	,	37.519	,	126.9944	,	34	,	4	)	,
(	1287	,	14.5	,	37.51918	,	126.99449	,	35	,	4	)	,
(	1288	,	14.45	,	37.52157	,	127.00018	,	36	,	4	)	,
(	1289	,	15.23	,	37.52217	,	127.0012	,	37	,	4	)	,
(	1290	,	14.89	,	37.52329	,	127.00223	,	38	,	4	)	,
(	1291	,	14.76	,	37.52512	,	127.00318	,	39	,	4	)	,
(	1292	,	14.82	,	37.52592	,	127.004	,	40	,	4	)	,
(	1293	,	14.93	,	37.52652	,	127.00509	,	41	,	4	)	,
(	1294	,	15.15	,	37.52844	,	127.00748	,	42	,	4	)	,
(	1295	,	17.75	,	37.52966	,	127.01023	,	43	,	4	)	,
(	1296	,	17.03	,	37.53033	,	127.01125	,	44	,	4	)	,
(	1297	,	14.17	,	37.53165	,	127.0125	,	45	,	4	)	,
(	1298	,	14.62	,	37.53884	,	127.01703	,	46	,	4	)	,
(	1299	,	15.3	,	37.53997	,	127.01823	,	47	,	4	)	,
(	1300	,	14.91	,	37.54222	,	127.02228	,	48	,	4	)	,
(	1301	,	14.79	,	37.54326	,	127.02387	,	49	,	4	)	,
(	1302	,	15.08	,	37.54426	,	127.0249	,	50	,	4	)	,
(	1303	,	15.36	,	37.54608	,	127.02994	,	51	,	4	)	,
(	1304	,	16.17	,	37.54584	,	127.03045	,	52	,	4	)	,
(	1305	,	17.01	,	37.54458	,	127.03163	,	53	,	4	)	,
(	1306	,	17.28	,	37.54264	,	127.0285	,	54	,	4	)	,
(	1307	,	12.77	,	37.54143	,	127.02882	,	55	,	4	)	,
(	1308	,	17.8	,	37.54109	,	127.03157	,	56	,	4	)	,
(	1309	,	18.12	,	37.5402	,	127.0353	,	57	,	4	)	,
(	1310	,	14.66	,	37.53788	,	127.04155	,	58	,	4	)	,
(	1311	,	17.85	,	37.53384	,	127.05678	,	59	,	4	)	,
(	1312	,	15.01	,	37.53152	,	127.06102	,	60	,	4	)	,
(	1313	,	14.96	,	37.52986	,	127.06455	,	61	,	4	)	,
(	1314	,	14.95	,	37.5287	,	127.06809	,	62	,	4	)	,
(	1315	,	15.13	,	37.52779	,	127.07205	,	63	,	4	)	,
(	1316	,	15.09	,	37.52713	,	127.07568	,	64	,	4	)	,
(	1317	,	18	,	37.52683	,	127.07901	,	65	,	4	)	,
(	1318	,	14.81	,	37.52681	,	127.08177	,	66	,	4	)	,
(	1319	,	14.78	,	37.52715	,	127.08708	,	67	,	4	)	,
(	1320	,	22.01	,	37.52785	,	127.08855	,	68	,	4	)	,
(	1321	,	26.41	,	37.52821	,	127.08903	,	69	,	4	)	,
(	1322	,	27.4	,	37.52851	,	127.08912	,	70	,	4	)	,
(	1323	,	22.13	,	37.53046	,	127.09209	,	71	,	4	)	,
(	1324	,	29.15	,	37.53343	,	127.09535	,	72	,	4	)	,
(	1325	,	30.05	,	37.53344	,	127.09568	,	73	,	4	)	,
(	1326	,	30.67	,	37.52372	,	127.10191	,	74	,	4	)	,
(	1327	,	19.37	,	37.52158	,	127.09798	,	75	,	4	)	,
(	1328	,	18.38	,	37.52025	,	127.09484	,	76	,	4	)	,
(	1329	,	18.24	,	37.52028	,	127.0943	,	77	,	4	)	,
(	1330	,	18	,	37.51927	,	127.09176	,	78	,	4	)	,
(	1331	,	17.69	,	37.51831	,	127.08454	,	79	,	4	)	,
(	1332	,	17.76	,	37.51823	,	127.08075	,	80	,	4	)	,
(	1333	,	14.44	,	37.51962	,	127.07169	,	81	,	4	)	,
(	1334	,	14.36	,	37.51932	,	127.06974	,	82	,	4	)	,
(	1335	,	14.37	,	37.51898	,	127.06929	,	83	,	4	)	,
(	1336	,	14.74	,	37.51834	,	127.0689	,	84	,	4	)	,
(	1337	,	13.52	,	37.51842	,	127.06682	,	85	,	4	)	,
(	1338	,	14.75	,	37.51861	,	127.06599	,	86	,	4	)	,
(	1339	,	212.2	,	37.663635	,	127.012654	,	0	,	5	)	,
(	1340	,	212	,	37.663907	,	127.012774	,	1	,	5	)	,
(	1341	,	213.8	,	37.663821	,	127.012396	,	2	,	5	)	,
(	1342	,	213.4	,	37.663831	,	127.01269	,	3	,	5	)	,
(	1343	,	213.4	,	37.663704	,	127.01247	,	4	,	5	)	,
(	1344	,	213.2	,	37.663428	,	127.012602	,	5	,	5	)	,
(	1345	,	214	,	37.66314	,	127.012353	,	6	,	5	)	,
(	1346	,	223.4	,	37.662684	,	127.010598	,	7	,	5	)	,
(	1347	,	229	,	37.662174	,	127.009561	,	8	,	5	)	,
(	1348	,	232.2	,	37.662006	,	127.008552	,	9	,	5	)	,
(	1349	,	234.4	,	37.661711	,	127.007991	,	10	,	5	)	,
(	1350	,	240	,	37.661117	,	127.007427	,	11	,	5	)	,
(	1351	,	244	,	37.660667	,	127.005985	,	12	,	5	)	,
(	1352	,	254.6	,	37.659563	,	127.00461	,	13	,	5	)	,
(	1353	,	262.6	,	37.658463	,	127.003774	,	14	,	5	)	,
(	1354	,	265.4	,	37.658324	,	127.003367	,	15	,	5	)	,
(	1355	,	268	,	37.658387	,	127.002882	,	16	,	5	)	,
(	1356	,	293.4	,	37.657638	,	127.001003	,	17	,	5	)	,
(	1357	,	304.6	,	37.656659	,	127.00052	,	18	,	5	)	,
(	1358	,	319.4	,	37.656203	,	126.999877	,	19	,	5	)	,
(	1359	,	332.2	,	37.656015	,	126.998961	,	20	,	5	)	,
(	1360	,	344	,	37.656114	,	126.99736	,	21	,	5	)	,
(	1361	,	335	,	37.655461	,	126.995557	,	22	,	5	)	,
(	1362	,	341.6	,	37.655468	,	126.995119	,	23	,	5	)	,
(	1363	,	378	,	37.656038	,	126.993207	,	24	,	5	)	,
(	1364	,	392.6	,	37.656754	,	126.992667	,	25	,	5	)	,
(	1365	,	407.6	,	37.657512	,	126.991685	,	26	,	5	)	,
(	1366	,	423	,	37.65796	,	126.991525	,	27	,	5	)	,
(	1367	,	420.8	,	37.65806	,	126.99123	,	28	,	5	)	,
(	1368	,	418.2	,	37.657889	,	126.99136	,	29	,	5	)	,
(	1369	,	411.2	,	37.657646	,	126.991196	,	30	,	5	)	,
(	1370	,	390.6	,	37.657151	,	126.991544	,	31	,	5	)	,
(	1371	,	388.8	,	37.656412	,	126.991459	,	32	,	5	)	,
(	1372	,	394.6	,	37.656071	,	126.990983	,	33	,	5	)	,
(	1373	,	404.8	,	37.655986	,	126.990448	,	34	,	5	)	,
(	1374	,	409.8	,	37.655609	,	126.990201	,	35	,	5	)	,
(	1375	,	422.8	,	37.655449	,	126.989661	,	36	,	5	)	,
(	1376	,	422.4	,	37.65545	,	126.990062	,	37	,	5	)	,
(	1377	,	420.8	,	37.655368	,	126.989682	,	38	,	5	)	,
(	1378	,	408.2	,	37.65556	,	126.989648	,	39	,	5	)	,
(	1379	,	392.2	,	37.655234	,	126.989345	,	40	,	5	)	,
(	1380	,	379.8	,	37.655229	,	126.989554	,	41	,	5	)	,
(	1381	,	382.4	,	37.655011	,	126.989482	,	42	,	5	)	,
(	1382	,	433	,	37.654905	,	126.989615	,	43	,	5	)	,
(	1383	,	442	,	37.654925	,	126.989487	,	44	,	5	)	,
(	1384	,	394.4	,	37.655002	,	126.989666	,	45	,	5	)	,
(	1385	,	390.6	,	37.655377	,	126.989351	,	46	,	5	)	,
(	1386	,	297.2	,	37.655656	,	126.990348	,	47	,	5	)	,
(	1387	,	301.2	,	37.655967	,	126.990452	,	48	,	5	)	,
(	1388	,	349.4	,	37.656447	,	126.991552	,	49	,	5	)	,
(	1389	,	366.6	,	37.657039	,	126.991529	,	50	,	5	)	,
(	1390	,	373	,	37.65767	,	126.991237	,	51	,	5	)	,
(	1391	,	383.6	,	37.657793	,	126.991349	,	52	,	5	)	,
(	1392	,	375.8	,	37.656725	,	126.99267	,	53	,	5	)	,
(	1393	,	372.4	,	37.655933	,	126.993262	,	54	,	5	)	,
(	1394	,	387	,	37.655417	,	126.995215	,	55	,	5	)	,
(	1395	,	352.4	,	37.656075	,	126.997498	,	56	,	5	)	,
(	1396	,	336.2	,	37.655986	,	126.998943	,	57	,	5	)	,
(	1397	,	334.4	,	37.656176	,	126.999792	,	58	,	5	)	,
(	1398	,	330	,	37.656679	,	127.000572	,	59	,	5	)	,
(	1399	,	319.8	,	37.657621	,	127.001029	,	60	,	5	)	,
(	1400	,	310	,	37.658014	,	127.001756	,	61	,	5	)	,
(	1401	,	288.6	,	37.658425	,	127.003823	,	62	,	5	)	,
(	1402	,	286.2	,	37.658865	,	127.004286	,	63	,	5	)	,
(	1403	,	286	,	37.659408	,	127.004515	,	64	,	5	)	,
(	1404	,	290	,	37.660405	,	127.005679	,	65	,	5	)	,
(	1405	,	240.4	,	37.661117	,	127.007508	,	66	,	5	)	,
(	1406	,	228	,	37.661963	,	127.00848	,	67	,	5	)	,
(	1407	,	213.8	,	37.662154	,	127.009561	,	68	,	5	)	,
(	1408	,	194.4	,	37.662607	,	127.010436	,	69	,	5	)	,
(	1409	,	198.8	,	37.66304	,	127.012057	,	70	,	5	)	,
(	1410	,	192	,	37.66334	,	127.012476	,	71	,	5	)	,
(	1411	,	193.8	,	37.663642	,	127.012378	,	72	,	5	)	,
(	1412	,	198	,	37.663803	,	127.012639	,	73	,	5	)	,
(	1413	,	12	,	37.598531	,	126.787166	,	0	,	6	)	,
(	1414	,	13.2	,	37.599041	,	126.78685	,	1	,	6	)	,
(	1415	,	12.8	,	37.599751	,	126.787299	,	2	,	6	)	,
(	1416	,	13.8	,	37.600774	,	126.786039	,	3	,	6	)	,
(	1417	,	13.6	,	37.602652	,	126.788453	,	4	,	6	)	,
(	1418	,	14	,	37.601528	,	126.790407	,	5	,	6	)	,
(	1419	,	13.4	,	37.601154	,	126.791407	,	6	,	6	)	,
(	1420	,	13.8	,	37.601178	,	126.79197	,	7	,	6	)	,
(	1421	,	13.8	,	37.601693	,	126.791666	,	8	,	6	)	,
(	1422	,	17.4	,	37.604321	,	126.791689	,	9	,	6	)	,
(	1423	,	18.4	,	37.604907	,	126.791031	,	10	,	6	)	,
(	1424	,	18	,	37.607789	,	126.784536	,	11	,	6	)	,
(	1425	,	20	,	37.609423	,	126.784517	,	12	,	6	)	,
(	1426	,	21	,	37.609938	,	126.784219	,	13	,	6	)	,
(	1427	,	21.6	,	37.610355	,	126.783711	,	14	,	6	)	,
(	1428	,	21.4	,	37.613394	,	126.776341	,	15	,	6	)	,
(	1429	,	22.2	,	37.613817	,	126.772728	,	16	,	6	)	,
(	1430	,	22.2	,	37.614069	,	126.771968	,	17	,	6	)	,
(	1431	,	26.8	,	37.614912	,	126.770669	,	18	,	6	)	,
(	1432	,	26.8	,	37.615362	,	126.770289	,	19	,	6	)	,
(	1433	,	25.2	,	37.617716	,	126.76958	,	20	,	6	)	,
(	1434	,	24.8	,	37.618251	,	126.769177	,	21	,	6	)	,
(	1435	,	24.4	,	37.618622	,	126.768585	,	22	,	6	)	,
(	1436	,	23	,	37.620484	,	126.762251	,	23	,	6	)	,
(	1437	,	22.6	,	37.62106	,	126.757921	,	24	,	6	)	,
(	1438	,	22.4	,	37.6218	,	126.756269	,	25	,	6	)	,
(	1439	,	21.4	,	37.626069	,	126.749981	,	26	,	6	)	,
(	1440	,	21	,	37.627452	,	126.747522	,	27	,	6	)	,
(	1441	,	21.6	,	37.629923	,	126.74087	,	28	,	6	)	,
(	1442	,	21.6	,	37.632671	,	126.739118	,	29	,	6	)	,
(	1443	,	21.6	,	37.633316	,	126.738413	,	30	,	6	)	,
(	1444	,	21.6	,	37.633728	,	126.737666	,	31	,	6	)	,
(	1445	,	21	,	37.64265	,	126.7171	,	32	,	6	)	,
(	1446	,	22.6	,	37.645529	,	126.710964	,	33	,	6	)	,
(	1447	,	22.6	,	37.646921	,	126.7069	,	34	,	6	)	,
(	1448	,	23	,	37.647809	,	126.705245	,	35	,	6	)	,
(	1449	,	22.8	,	37.648451	,	126.704617	,	36	,	6	)	,
(	1450	,	22.6	,	37.648502	,	126.704247	,	37	,	6	)	,
(	1451	,	22.2	,	37.64819	,	126.703323	,	38	,	6	)	,
(	1452	,	22.2	,	37.647656	,	126.702958	,	39	,	6	)	,
(	1453	,	22.2	,	37.647738	,	126.702513	,	40	,	6	)	,
(	1454	,	21.6	,	37.649286	,	126.703064	,	41	,	6	)	,
(	1455	,	22.8	,	37.650511	,	126.700487	,	42	,	6	)	,
(	1456	,	23.2	,	37.652753	,	126.700605	,	43	,	6	)	,
(	1457	,	24	,	37.654219	,	126.700477	,	44	,	6	)	,
(	1458	,	24.2	,	37.654786	,	126.700162	,	45	,	6	)	,
(	1459	,	24.4	,	37.655272	,	126.69964	,	46	,	6	)	,
(	1460	,	22.8	,	37.662195	,	126.683983	,	47	,	6	)	,
(	1461	,	22	,	37.665456	,	126.675467	,	48	,	6	)	,
(	1462	,	21	,	37.669966	,	126.670838	,	49	,	6	)	,
(	1463	,	20.8	,	37.669894	,	126.67053	,	50	,	6	)	,
(	1464	,	20.8	,	37.670055	,	126.670317	,	51	,	6	)	,
(	1465	,	20.2	,	37.67723	,	126.662955	,	52	,	6	)	,
(	1466	,	20.2	,	37.679818	,	126.661059	,	53	,	6	)	,
(	1467	,	20.4	,	37.681376	,	126.658588	,	54	,	6	)	,
(	1468	,	20.4	,	37.683199	,	126.657777	,	55	,	6	)	,
(	1469	,	20.6	,	37.685753	,	126.658419	,	56	,	6	)	,
(	1470	,	21	,	37.688448	,	126.658431	,	57	,	6	)	,
(	1471	,	21.2	,	37.692077	,	126.659775	,	58	,	6	)	,
(	1472	,	21.4	,	37.69292	,	126.662253	,	59	,	6	)	,
(	1473	,	21.6	,	37.693426	,	126.662683	,	60	,	6	)	,
(	1474	,	22	,	37.694918	,	126.663452	,	61	,	6	)	,
(	1475	,	22.2	,	37.695609	,	126.66346	,	62	,	6	)	,
(	1476	,	22.4	,	37.696732	,	126.663054	,	63	,	6	)	,
(	1477	,	22.6	,	37.696814	,	126.663258	,	64	,	6	)	,
(	1478	,	22.8	,	37.696974	,	126.663243	,	65	,	6	)	,
(	1479	,	22.8	,	37.696762	,	126.663259	,	66	,	6	)	,
(	1480	,	22.8	,	37.696959	,	126.662928	,	67	,	6	)	,
(	1481	,	22.8	,	37.697947	,	126.662485	,	68	,	6	)	,
(	1482	,	22.6	,	37.69843	,	126.662546	,	69	,	6	)	,
(	1483	,	21.8	,	37.698522	,	126.662337	,	70	,	6	)	,
(	1484	,	21.8	,	37.698752	,	126.662301	,	71	,	6	)	,
(	1485	,	21.8	,	37.700952	,	126.662242	,	72	,	6	)	,
(	1486	,	22.4	,	37.704919	,	126.662658	,	73	,	6	)	,
(	1487	,	23.2	,	37.714993	,	126.665379	,	74	,	6	)	,
(	1488	,	23.4	,	37.72934	,	126.670497	,	75	,	6	)	,
(	1489	,	23.2	,	37.730109	,	126.670202	,	76	,	6	)	,
(	1490	,	22.6	,	37.734749	,	126.669629	,	77	,	6	)	,
(	1491	,	22.4	,	37.734751	,	126.669027	,	78	,	6	)	,
(	1492	,	22	,	37.735637	,	126.668393	,	79	,	6	)	,
(	1493	,	22	,	37.735026	,	126.667378	,	80	,	6	)	,
(	1494	,	21.8	,	37.73498	,	126.666912	,	81	,	6	)	,
(	1495	,	21.2	,	37.735135	,	126.667074	,	82	,	6	)	,
(	1496	,	20.8	,	37.735331	,	126.666945	,	83	,	6	)	,
(	1497	,	19.4	,	37.738797	,	126.663973	,	84	,	6	)	,
(	1498	,	16.8	,	37.760956	,	126.652386	,	85	,	6	)	,
(	1499	,	16.8	,	37.760803	,	126.651747	,	86	,	6	)	,
(	1500	,	17	,	37.76019	,	126.651159	,	87	,	6	)	,
(	1501	,	19.6	,	37.759864	,	126.65022	,	88	,	6	)	,
(	1502	,	22.6	,	37.760229	,	126.649563	,	89	,	6	)	,
(	1503	,	32	,	37.76083	,	126.648964	,	90	,	6	)	,
(	1504	,	34.2	,	37.76019	,	126.648526	,	91	,	6	)	,
(	1505	,	35	,	37.758557	,	126.64821	,	92	,	6	)	,
(	1506	,	36.4	,	37.757547	,	126.647593	,	93	,	6	)	,
(	1507	,	43.8	,	37.75628	,	126.644477	,	94	,	6	)	,
(	1508	,	44.8	,	37.755614	,	126.64424	,	95	,	6	)	,
(	1509	,	45	,	37.755246	,	126.644364	,	96	,	6	)	,
(	1510	,	45.2	,	37.754954	,	126.64484	,	97	,	6	)	,
(	1511	,	44.6	,	37.75452	,	126.646281	,	98	,	6	)	,
(	1512	,	43.6	,	37.753894	,	126.646992	,	99	,	6	)	,
(	1513	,	43	,	37.753432	,	126.647245	,	100	,	6	)	,
(	1514	,	41.8	,	37.75177	,	126.646494	,	101	,	6	)	,
(	1515	,	42.2	,	37.751319	,	126.646608	,	102	,	6	)	,
(	1516	,	43.4	,	37.750786	,	126.64717	,	103	,	6	)	,
(	1517	,	43.4	,	37.750345	,	126.648287	,	104	,	6	)	,
(	1518	,	48	,	37.747773	,	126.647989	,	105	,	6	)	,
(	1519	,	49	,	37.747221	,	126.648451	,	106	,	6	)	,
(	1520	,	50.2	,	37.746787	,	126.648305	,	107	,	6	)	,
(	1521	,	50.2	,	37.74591	,	126.647702	,	108	,	6	)	,
(	1522	,	49.2	,	37.745822	,	126.646524	,	109	,	6	)	,
(	1523	,	48.8	,	37.745617	,	126.646128	,	110	,	6	)	,
(	1524	,	48	,	37.744608	,	126.646159	,	111	,	6	)	,
(	1525	,	47.8	,	37.745009	,	126.645314	,	112	,	6	)	,
(	1526	,	46.8	,	37.745385	,	126.643377	,	113	,	6	)	,
(	1527	,	46	,	37.746305	,	126.642349	,	114	,	6	)	,
(	1528	,	45.8	,	37.74615	,	126.642071	,	115	,	6	)	,
(	1529	,	45.6	,	37.745713	,	126.641925	,	116	,	6	)	,
(	1530	,	44.6	,	37.744994	,	126.641374	,	117	,	6	)	,
(	1531	,	44.4	,	37.744858	,	126.641057	,	118	,	6	)	,
(	1532	,	43.4	,	37.745288	,	126.640178	,	119	,	6	)	,
(	1533	,	42	,	37.745559	,	126.636677	,	120	,	6	)	,
(	1534	,	42.2	,	37.74522	,	126.635316	,	121	,	6	)	,
(	1535	,	41.2	,	37.746013	,	126.632621	,	122	,	6	)	,
(	1536	,	40.6	,	37.746244	,	126.630572	,	123	,	6	)	,
(	1537	,	40.2	,	37.746468	,	126.630223	,	124	,	6	)	,
(	1538	,	38.6	,	37.748114	,	126.629113	,	125	,	6	)	,
(	1539	,	36.6	,	37.749165	,	126.627032	,	126	,	6	)	,
(	1540	,	34.8	,	37.750274	,	126.626015	,	127	,	6	)	,
(	1541	,	34.4	,	37.75064	,	126.625868	,	128	,	6	)	,
(	1542	,	33.2	,	37.752003	,	126.625805	,	129	,	6	)	,
(	1543	,	31.6	,	37.753071	,	126.624919	,	130	,	6	)	,
(	1544	,	30	,	37.754159	,	126.624623	,	131	,	6	)	,
(	1545	,	29	,	37.755109	,	126.623404	,	132	,	6	)	,
(	1546	,	28	,	37.754774	,	126.622216	,	133	,	6	)	,
(	1547	,	27.6	,	37.754961	,	126.621631	,	134	,	6	)	,
(	1548	,	27	,	37.754788	,	126.621577	,	135	,	6	)	,
(	1549	,	23.4	,	37.751075	,	126.622986	,	136	,	6	)	,
(	1550	,	18.6	,	37.748277	,	126.617619	,	137	,	6	)	,
(	1551	,	18.6	,	37.746044	,	126.616336	,	138	,	6	)	,
(	1552	,	18.6	,	37.747073	,	126.61432	,	139	,	6	)	,
(	1553	,	20.6	,	37.747237	,	126.613077	,	140	,	6	)	,
(	1554	,	21.2	,	37.748169	,	126.61123	,	141	,	6	)	,
(	1555	,	21	,	37.747659	,	126.610524	,	142	,	6	)	,
(	1556	,	20.8	,	37.746877	,	126.6103	,	143	,	6	)	,
(	1557	,	20.6	,	37.745578	,	126.609139	,	144	,	6	)	,
(	1558	,	20.6	,	37.743782	,	126.608152	,	145	,	6	)	,
(	1559	,	21	,	37.744166	,	126.605831	,	146	,	6	)	,
(	1560	,	31	,	37.744861	,	126.604524	,	147	,	6	)	,
(	1561	,	32	,	37.744709	,	126.604274	,	148	,	6	)	,
(	1562	,	32	,	37.744888	,	126.602681	,	149	,	6	)	,
(	1563	,	32.2	,	37.744808	,	126.600581	,	150	,	6	)	,
(	1564	,	33.2	,	37.744067	,	126.598004	,	151	,	6	)	,
(	1565	,	35.2	,	37.742653	,	126.596822	,	152	,	6	)	,
(	1566	,	36.4	,	37.742227	,	126.59615	,	153	,	6	)	,
(	1567	,	39.2	,	37.742543	,	126.594937	,	154	,	6	)	,
(	1568	,	43.6	,	37.7425	,	126.594082	,	155	,	6	)	,
(	1569	,	46.6	,	37.741904	,	126.593929	,	156	,	6	)	,
(	1570	,	50.4	,	37.740633	,	126.59444	,	157	,	6	)	,
(	1571	,	51.2	,	37.740149	,	126.594443	,	158	,	6	)	,
(	1572	,	56	,	37.740135	,	126.594225	,	159	,	6	)	,
(	1573	,	59.4	,	37.74004	,	126.594501	,	160	,	6	)	,
(	1574	,	61	,	37.73918	,	126.593945	,	161	,	6	)	,
(	1575	,	62	,	37.7386	,	126.594224	,	162	,	6	)	,
(	1576	,	62.8	,	37.737837	,	126.594985	,	163	,	6	)	,
(	1577	,	62.8	,	37.73723	,	126.59478	,	164	,	6	)	,
(	1578	,	62.6	,	37.736626	,	126.594933	,	165	,	6	)	,
(	1579	,	61.8	,	37.736078	,	126.594841	,	166	,	6	)	,
(	1580	,	57.4	,	37.734492	,	126.593155	,	167	,	6	)	,
(	1581	,	55	,	37.734018	,	126.592	,	168	,	6	)	,
(	1582	,	51.6	,	37.733268	,	126.590852	,	169	,	6	)	,
(	1583	,	46	,	37.733251	,	126.590413	,	170	,	6	)	,
(	1584	,	33.8	,	37.733238	,	126.590926	,	171	,	6	)	,
(	1585	,	32.2	,	37.732562	,	126.591318	,	172	,	6	)	,
(	1586	,	31	,	37.732645	,	126.591057	,	173	,	6	)	,
(	1587	,	26.2	,	37.730424	,	126.588307	,	174	,	6	)	,
(	1588	,	21.2	,	37.734122	,	126.583523	,	175	,	6	)	,
(	1589	,	18.6	,	37.736292	,	126.581598	,	176	,	6	)	,
(	1590	,	18	,	37.740242	,	126.581091	,	177	,	6	)	,
(	1591	,	17.2	,	37.745438	,	126.581158	,	178	,	6	)	,
(	1592	,	17.4	,	37.745515	,	126.574914	,	179	,	6	)	,
(	1593	,	17.6	,	37.745028	,	126.573513	,	180	,	6	)	,
(	1594	,	18	,	37.746438	,	126.572181	,	181	,	6	)	,
(	1595	,	18.8	,	37.744972	,	126.56963	,	182	,	6	)	,
(	1596	,	19.4	,	37.742779	,	126.567156	,	183	,	6	)	,
(	1597	,	20	,	37.742115	,	126.565835	,	184	,	6	)	,
(	1598	,	21.4	,	37.741668	,	126.56415	,	185	,	6	)	,
(	1599	,	23.6	,	37.741809	,	126.562846	,	186	,	6	)	,
(	1600	,	25.4	,	37.741494	,	126.561282	,	187	,	6	)	,
(	1601	,	26.2	,	37.741576	,	126.560835	,	188	,	6	)	,
(	1602	,	28.2	,	37.741865	,	126.560484	,	189	,	6	)	,
(	1603	,	30.4	,	37.742685	,	126.560683	,	190	,	6	)	,
(	1604	,	32.2	,	37.743587	,	126.560508	,	191	,	6	)	,
(	1605	,	35.6	,	37.745549	,	126.560535	,	192	,	6	)	,
(	1606	,	39.2	,	37.746653	,	126.559941	,	193	,	6	)	,
(	1607	,	39.4	,	37.751154	,	126.559977	,	194	,	6	)	,
(	1608	,	28.2	,	37.754202	,	126.55847	,	195	,	6	)	,
(	1609	,	25.6	,	37.757741	,	126.556472	,	196	,	6	)	,
(	1610	,	23.6	,	37.759853	,	126.555739	,	197	,	6	)	,
(	1611	,	23	,	37.760442	,	126.555233	,	198	,	6	)	,
(	1612	,	21.8	,	37.760901	,	126.553815	,	199	,	6	)	,
(	1613	,	20.6	,	37.762709	,	126.551704	,	200	,	6	)	,
(	1614	,	19.8	,	37.76482	,	126.548378	,	201	,	6	)	,
(	1615	,	19	,	37.767661	,	126.546752	,	202	,	6	)	,
(	1616	,	18.8	,	37.768063	,	126.546302	,	203	,	6	)	,
(	1617	,	18.8	,	37.7682	,	126.540297	,	204	,	6	)	,
(	1618	,	21.4	,	37.768537	,	126.53834	,	205	,	6	)	,
(	1619	,	23.8	,	37.768181	,	126.536693	,	206	,	6	)	,
(	1620	,	26.6	,	37.767585	,	126.534981	,	207	,	6	)	,
(	1621	,	29.6	,	37.76659	,	126.533511	,	208	,	6	)	,
(	1622	,	27.4	,	37.763859	,	126.531614	,	209	,	6	)	,
(	1623	,	27	,	37.762332	,	126.531183	,	210	,	6	)	,
(	1624	,	26.2	,	37.760717	,	126.53131	,	211	,	6	)	,
(	1625	,	25.2	,	37.758709	,	126.530328	,	212	,	6	)	,
(	1626	,	24.4	,	37.757075	,	126.529964	,	213	,	6	)	,
(	1627	,	23.4	,	37.756222	,	126.531204	,	214	,	6	)	,
(	1628	,	22.8	,	37.755239	,	126.531903	,	215	,	6	)	,
(	1629	,	22.4	,	37.754647	,	126.532128	,	216	,	6	)	,
(	1630	,	21.8	,	37.753211	,	126.532286	,	217	,	6	)	,
(	1631	,	21	,	37.751424	,	126.531647	,	218	,	6	)	,
(	1632	,	21	,	37.751116	,	126.531714	,	219	,	6	)	,
(	1633	,	20.8	,	37.751079	,	126.532479	,	220	,	6	)	,
(	1634	,	20.8	,	37.751519	,	126.533191	,	221	,	6	)	,
(	1635	,	20.8	,	37.751358	,	126.53378	,	222	,	6	)	,
(	1636	,	20.8	,	37.751428	,	126.534914	,	223	,	6	)	,
(	1637	,	20.8	,	37.750976	,	126.535614	,	224	,	6	)	,
(	1638	,	20.8	,	37.750001	,	126.535567	,	225	,	6	)	,
(	1639	,	20.8	,	37.749738	,	126.53537	,	226	,	6	)	,
(	1640	,	20.2	,	37.748926	,	126.533674	,	227	,	6	)	,
(	1641	,	20.2	,	37.747037	,	126.532505	,	228	,	6	)	,
(	1642	,	20.2	,	37.74575	,	126.531919	,	229	,	6	)	,
(	1643	,	20.4	,	37.743363	,	126.531159	,	230	,	6	)	,
(	1644	,	21.2	,	37.743423	,	126.531074	,	231	,	6	)	,
(	1645	,	21.8	,	37.743549	,	126.53126	,	232	,	6	)	,
(	1646	,	21.8	,	37.743454	,	126.531071	,	233	,	6	)	,
(	1647	,	21.8	,	37.743556	,	126.531145	,	234	,	6	)	,
(	1648	,	25.4	,	37.743374	,	126.531304	,	235	,	6	)	,
(	1649	,	25.6	,	37.74336	,	126.531146	,	236	,	6	)	,
(	1650	,	26.2	,	37.742313	,	126.530935	,	237	,	6	)	,
(	1651	,	27.6	,	37.742072	,	126.530214	,	238	,	6	)	,
(	1652	,	27.6	,	37.741557	,	126.52978	,	239	,	6	)	,
(	1653	,	26.4	,	37.739637	,	126.529214	,	240	,	6	)	,
(	1654	,	26.6	,	37.73872	,	126.529282	,	241	,	6	)	,
(	1655	,	26.2	,	37.737324	,	126.528704	,	242	,	6	)	,
(	1656	,	25.2	,	37.733787	,	126.527943	,	243	,	6	)	,
(	1657	,	23.6	,	37.73157	,	126.52647	,	244	,	6	)	,
(	1658	,	23.4	,	37.730808	,	126.526128	,	245	,	6	)	,
(	1659	,	23.6	,	37.730672	,	126.525805	,	246	,	6	)	,
(	1660	,	23.6	,	37.730794	,	126.525989	,	247	,	6	)	,
(	1661	,	23.6	,	37.730381	,	126.525742	,	248	,	6	)	,
(	1662	,	23.6	,	37.729927	,	126.526012	,	249	,	6	)	,
(	1663	,	23.6	,	37.729592	,	126.526755	,	250	,	6	)	,
(	1664	,	23.6	,	37.729028	,	126.526559	,	251	,	6	)	,
(	1665	,	23	,	37.727226	,	126.531589	,	252	,	6	)	,
(	1666	,	22.6	,	37.722949	,	126.536031	,	253	,	6	)	,
(	1667	,	22.6	,	37.721598	,	126.536237	,	254	,	6	)	,
(	1668	,	22.6	,	37.718726	,	126.535534	,	255	,	6	)	,
(	1669	,	22.6	,	37.717595	,	126.533549	,	256	,	6	)	,
(	1670	,	22.6	,	37.716398	,	126.532736	,	257	,	6	)	,
(	1671	,	22.6	,	37.71551	,	126.53272	,	258	,	6	)	,
(	1672	,	22.6	,	37.713445	,	126.533277	,	259	,	6	)	,
(	1673	,	22.4	,	37.712912	,	126.534608	,	260	,	6	)	,
(	1674	,	22.4	,	37.713942	,	126.53696	,	261	,	6	)	,
(	1675	,	22.4	,	37.713958	,	126.537173	,	262	,	6	)	,
(	1676	,	23.2	,	37.713714	,	126.537073	,	263	,	6	)	,
(	1677	,	24.6	,	37.714281	,	126.537707	,	264	,	6	)	,
(	1678	,	25	,	37.714568	,	126.53838	,	265	,	6	)	,
(	1679	,	24.4	,	37.71447	,	126.539661	,	266	,	6	)	,
(	1680	,	26.8	,	37.714223	,	126.538088	,	267	,	6	)	,
(	1681	,	30.2	,	37.713208	,	126.537408	,	268	,	6	)	,
(	1682	,	40.6	,	37.711837	,	126.536171	,	269	,	6	)	,
(	1683	,	56.6	,	37.710927	,	126.534618	,	270	,	6	)	,
(	1684	,	66.4	,	37.710828	,	126.533369	,	271	,	6	)	,
(	1685	,	70.4	,	37.709867	,	126.532465	,	272	,	6	)	,
(	1686	,	71.2	,	37.709449	,	126.53152	,	273	,	6	)	,
(	1687	,	70.2	,	37.708956	,	126.530941	,	274	,	6	)	,
(	1688	,	59.2	,	37.707339	,	126.529474	,	275	,	6	)	,
(	1689	,	47.6	,	37.706066	,	126.530293	,	276	,	6	)	,
(	1690	,	40.6	,	37.7055	,	126.531671	,	277	,	6	)	,
(	1691	,	36.2	,	37.70476	,	126.530971	,	278	,	6	)	,
(	1692	,	29.8	,	37.702499	,	126.531791	,	279	,	6	)	,
(	1693	,	25.8	,	37.699608	,	126.532326	,	280	,	6	)	,
(	1694	,	25.2	,	37.699037	,	126.5326	,	281	,	6	)	,
(	1695	,	21.2	,	37.694525	,	126.533027	,	282	,	6	)	,
(	1696	,	21	,	37.694303	,	126.533174	,	283	,	6	)	,
(	1697	,	20.6	,	37.694165	,	126.533741	,	284	,	6	)	,
(	1698	,	20.4	,	37.693704	,	126.533491	,	285	,	6	)	,
(	1699	,	20	,	37.692736	,	126.533379	,	286	,	6	)	,
(	1700	,	19.2	,	37.687704	,	126.534021	,	287	,	6	)	,
(	1701	,	19	,	37.685546	,	126.533229	,	288	,	6	)	,
(	1702	,	19	,	37.685289	,	126.534411	,	289	,	6	)	,
(	1703	,	19	,	37.684696	,	126.535452	,	290	,	6	)	,
(	1704	,	19	,	37.684172	,	126.536979	,	291	,	6	)	,
(	1705	,	18.6	,	37.68686	,	126.539155	,	292	,	6	)	,
(	1706	,	18.4	,	37.686872	,	126.540713	,	293	,	6	)	,
(	1707	,	17.8	,	37.683984	,	126.546444	,	294	,	6	)	,
(	1708	,	18.6	,	37.681902	,	126.553766	,	295	,	6	)	,
(	1709	,	18.6	,	37.681869	,	126.553657	,	296	,	6	)	,
(	1710	,	18.2	,	37.681774	,	126.553796	,	297	,	6	)	,
(	1711	,	20.4	,	37.677412	,	126.553652	,	298	,	6	)	,
(	1712	,	21.8	,	37.674013	,	126.554739	,	299	,	6	)	,
(	1713	,	21.4	,	37.672556	,	126.555055	,	300	,	6	)	,
(	1714	,	21.2	,	37.672282	,	126.554998	,	301	,	6	)	,
(	1715	,	20	,	37.671929	,	126.554503	,	302	,	6	)	,
(	1716	,	17.4	,	37.661249	,	126.546525	,	303	,	6	)	,
(	1717	,	17.4	,	37.66123	,	126.546388	,	304	,	6	)	,
(	1718	,	17.2	,	37.662676	,	126.544897	,	305	,	6	)	,
(	1719	,	17.2	,	37.662718	,	126.544748	,	306	,	6	)	,
(	1720	,	17.2	,	37.662337	,	126.544433	,	307	,	6	)	,
(	1721	,	17.2	,	37.662195	,	126.543881	,	308	,	6	)	,
(	1722	,	17.2	,	37.660734	,	126.543344	,	309	,	6	)	,
(	1723	,	17.2	,	37.660177	,	126.543555	,	310	,	6	)	,
(	1724	,	17	,	37.659349	,	126.546239	,	311	,	6	)	,
(	1725	,	17	,	37.658921	,	126.54645	,	312	,	6	)	,
(	1726	,	17.2	,	37.659259	,	126.54605	,	313	,	6	)	,
(	1727	,	18.4	,	37.659321	,	126.544935	,	314	,	6	)	,
(	1728	,	19.8	,	37.659585	,	126.544536	,	315	,	6	)	,
(	1729	,	21.8	,	37.659592	,	126.543951	,	316	,	6	)	,
(	1730	,	24.4	,	37.658567	,	126.542404	,	317	,	6	)	,
(	1731	,	22.6	,	37.657795	,	126.540848	,	318	,	6	)	,
(	1732	,	22.2	,	37.657716	,	126.540337	,	319	,	6	)	,
(	1733	,	21.6	,	37.657126	,	126.539787	,	320	,	6	)	,
(	1734	,	21.6	,	37.656523	,	126.539585	,	321	,	6	)	,
(	1735	,	21.6	,	37.656849	,	126.538904	,	322	,	6	)	,
(	1736	,	22.2	,	37.656718	,	126.538183	,	323	,	6	)	,
(	1737	,	22	,	37.655926	,	126.537744	,	324	,	6	)	,
(	1738	,	21.6	,	37.655554	,	126.537629	,	325	,	6	)	,
(	1739	,	19.8	,	37.655076	,	126.537719	,	326	,	6	)	,
(	1740	,	19.4	,	37.654502	,	126.538295	,	327	,	6	)	,
(	1741	,	19	,	37.653927	,	126.538122	,	328	,	6	)	,
(	1742	,	18.8	,	37.653447	,	126.538178	,	329	,	6	)	,
(	1743	,	18.4	,	37.652785	,	126.537723	,	330	,	6	)	,
(	1744	,	17.8	,	37.651645	,	126.537892	,	331	,	6	)	,
(	1745	,	17.6	,	37.651419	,	126.536747	,	332	,	6	)	,
(	1746	,	18.2	,	37.650478	,	126.537381	,	333	,	6	)	,
(	1747	,	20.6	,	37.650293	,	126.538883	,	334	,	6	)	,
(	1748	,	26.8	,	37.649629	,	126.538752	,	335	,	6	)	,
(	1749	,	27.4	,	37.649144	,	126.53916	,	336	,	6	)	,
(	1750	,	22.2	,	37.647576	,	126.539301	,	337	,	6	)	,
(	1751	,	20.6	,	37.646651	,	126.538337	,	338	,	6	)	,
(	1752	,	20	,	37.646453	,	126.537745	,	339	,	6	)	,
(	1753	,	19.6	,	37.645878	,	126.537699	,	340	,	6	)	,
(	1754	,	18.6	,	37.643139	,	126.538705	,	341	,	6	)	,
(	1755	,	18.4	,	37.64271	,	126.539037	,	342	,	6	)	,
(	1756	,	18	,	37.641381	,	126.539601	,	343	,	6	)	,
(	1757	,	17.6	,	37.641243	,	126.539844	,	344	,	6	)	,
(	1758	,	17.4	,	37.511211	,	126.525083	,	0	,	7	)	,
(	1759	,	16	,	37.510079	,	126.524242	,	1	,	7	)	,
(	1760	,	17.4	,	37.50467	,	126.530726	,	2	,	7	)	,
(	1761	,	18.2	,	37.502772	,	126.533242	,	3	,	7	)	,
(	1762	,	14	,	37.501563	,	126.53571	,	4	,	7	)	,
(	1763	,	14.6	,	37.499281	,	126.543231	,	5	,	7	)	,
(	1764	,	13.4	,	37.498357	,	126.54542	,	6	,	7	)	,
(	1765	,	7.4	,	37.496454	,	126.548779	,	7	,	7	)	,
(	1766	,	6.2	,	37.493019	,	126.553787	,	8	,	7	)	,
(	1767	,	21.6	,	37.498332	,	126.55937	,	9	,	7	)	,
(	1768	,	15.4	,	37.499073	,	126.559743	,	10	,	7	)	,
(	1769	,	9.2	,	37.500208	,	126.559913	,	11	,	7	)	,
(	1770	,	8.8	,	37.500604	,	126.56019	,	12	,	7	)	,
(	1771	,	7.6	,	37.501327	,	126.562071	,	13	,	7	)	,
(	1772	,	4.6	,	37.502325	,	126.566119	,	14	,	7	)	,
(	1773	,	6.6	,	37.502134	,	126.566862	,	15	,	7	)	,
(	1774	,	6.8	,	37.501659	,	126.567281	,	16	,	7	)	,
(	1775	,	6	,	37.498321	,	126.568986	,	17	,	7	)	,
(	1776	,	6	,	37.498124	,	126.568849	,	18	,	7	)	,
(	1777	,	6.4	,	37.496081	,	126.569879	,	19	,	7	)	,
(	1778	,	7	,	37.492454	,	126.575158	,	20	,	7	)	,
(	1779	,	6.2	,	37.492238	,	126.575972	,	21	,	7	)	,
(	1780	,	5	,	37.491858	,	126.580084	,	22	,	7	)	,
(	1781	,	4.6	,	37.492085	,	126.580446	,	23	,	7	)	,
(	1782	,	5.4	,	37.491973	,	126.580223	,	24	,	7	)	,
(	1783	,	5.4	,	37.491798	,	126.580261	,	25	,	7	)	,
(	1784	,	4.8	,	37.491684	,	126.582259	,	26	,	7	)	,
(	1785	,	5.6	,	37.491851	,	126.580404	,	27	,	7	)	,
(	1786	,	3.6	,	37.492139	,	126.580575	,	28	,	7	)	,
(	1787	,	5	,	37.491977	,	126.580429	,	29	,	7	)	,
(	1788	,	5.2	,	37.491963	,	126.580055	,	30	,	7	)	,
(	1789	,	5.4	,	37.492452	,	126.576182	,	31	,	7	)	,
(	1790	,	5.8	,	37.490775	,	126.575996	,	32	,	7	)	,
(	1791	,	5	,	37.489087	,	126.576328	,	33	,	7	)	,
(	1792	,	5.4	,	37.488369	,	126.575967	,	34	,	7	)	,
(	1793	,	5	,	37.48784	,	126.575437	,	35	,	7	)	,
(	1794	,	3.6	,	37.485443	,	126.571299	,	36	,	7	)	,
(	1795	,	2.6	,	37.485253	,	126.570542	,	37	,	7	)	,
(	1796	,	4.6	,	37.485505	,	126.569663	,	38	,	7	)	,
(	1797	,	3.8	,	37.484865	,	126.569465	,	39	,	7	)	,
(	1798	,	4	,	37.483648	,	126.568007	,	40	,	7	)	,
(	1799	,	4.4	,	37.483021	,	126.5677	,	41	,	7	)	,
(	1800	,	3.6	,	37.482276	,	126.566234	,	42	,	7	)	,
(	1801	,	3.4	,	37.481661	,	126.565573	,	43	,	7	)	,
(	1802	,	4.2	,	37.481392	,	126.565546	,	44	,	7	)	,
(	1803	,	4.4	,	37.481139	,	126.565752	,	45	,	7	)	,
(	1804	,	3.6	,	37.480646	,	126.56569	,	46	,	7	)	,
(	1805	,	3.2	,	37.479958	,	126.565027	,	47	,	7	)	,
(	1806	,	2.6	,	37.479508	,	126.563584	,	48	,	7	)	,
(	1807	,	3.4	,	37.476449	,	126.549117	,	49	,	7	)	,
(	1808	,	2	,	37.476159	,	126.545019	,	50	,	7	)	,
(	1809	,	2.4	,	37.476141	,	126.538618	,	51	,	7	)	,
(	1810	,	3.2	,	37.475931	,	126.536486	,	52	,	7	)	,
(	1811	,	4.2	,	37.47538	,	126.533538	,	53	,	7	)	,
(	1812	,	5	,	37.475473	,	126.532907	,	54	,	7	)	,
(	1813	,	3.6	,	37.475053	,	126.532354	,	55	,	7	)	,
(	1814	,	2.6	,	37.469878	,	126.520186	,	56	,	7	)	,
(	1815	,	3.6	,	37.468047	,	126.514176	,	57	,	7	)	,
(	1816	,	3.6	,	37.466033	,	126.506714	,	58	,	7	)	,
(	1817	,	4.6	,	37.465422	,	126.505381	,	59	,	7	)	,
(	1818	,	4.2	,	37.45643	,	126.494094	,	60	,	7	)	,
(	1819	,	3.4	,	37.464491	,	126.504179	,	61	,	7	)	,
(	1820	,	3.2	,	37.465613	,	126.505819	,	62	,	7	)	,
(	1821	,	4	,	37.466095	,	126.50693	,	63	,	7	)	,
(	1822	,	3	,	37.469837	,	126.520167	,	64	,	7	)	,
(	1823	,	2.2	,	37.475025	,	126.532432	,	65	,	7	)	,
(	1824	,	2.8	,	37.475454	,	126.533052	,	66	,	7	)	,
(	1825	,	2.2	,	37.47535	,	126.533591	,	67	,	7	)	,
(	1826	,	2.2	,	37.47585	,	126.536367	,	68	,	7	)	,
(	1827	,	1	,	37.476113	,	126.539031	,	69	,	7	)	,
(	1828	,	0.8	,	37.476131	,	126.545532	,	70	,	7	)	,
(	1829	,	1.4	,	37.47643	,	126.549239	,	71	,	7	)	,
(	1830	,	0.4	,	37.478318	,	126.558321	,	72	,	7	)	,
(	1831	,	0.2	,	37.479566	,	126.563892	,	73	,	7	)	,
(	1832	,	0.6	,	37.479964	,	126.565095	,	74	,	7	)	,
(	1833	,	1.8	,	37.481004	,	126.566699	,	75	,	7	)	,
(	1834	,	0.8	,	37.483477	,	126.568643	,	76	,	7	)	,
(	1835	,	0.4	,	37.484976	,	126.570398	,	77	,	7	)	,
(	1836	,	0.4	,	37.485155	,	126.571003	,	78	,	7	)	,
(	1837	,	0.2	,	37.488435	,	126.576629	,	79	,	7	)	,
(	1838	,	0.4	,	37.488577	,	126.576695	,	80	,	7	)	,
(	1839	,	0.8	,	37.488561	,	126.576368	,	81	,	7	)	,
(	1840	,	0.8	,	37.489516	,	126.576538	,	82	,	7	)	,
(	1841	,	-0.2	,	37.490662	,	126.576193	,	83	,	7	)	,
(	1842	,	1.2	,	37.492065	,	126.5764	,	84	,	7	)	,
(	1843	,	1.2	,	37.492169	,	126.576852	,	85	,	7	)	,
(	1844	,	0.6	,	37.491967	,	126.57881	,	86	,	7	)	,
(	1845	,	-1.4	,	37.493232	,	126.579123	,	87	,	7	)	,
(	1846	,	-1.4	,	37.493411	,	126.579373	,	88	,	7	)	,
(	1847	,	-2.2	,	37.493719	,	126.579426	,	89	,	7	)	,
(	1848	,	-3	,	37.493991	,	126.579171	,	90	,	7	)	,
(	1849	,	-1.4	,	37.495219	,	126.57877	,	91	,	7	)	,
(	1850	,	-3	,	37.495113	,	126.578899	,	92	,	7	)	,
(	1851	,	-5	,	37.495268	,	126.578881	,	93	,	7	)	,
(	1852	,	-4.6	,	37.495325	,	126.579371	,	94	,	7	)	,
(	1853	,	-4.8	,	37.494988	,	126.579839	,	95	,	7	)	,
(	1854	,	-5.4	,	37.49371	,	126.580259	,	96	,	7	)	,
(	1855	,	-5.6	,	37.493315	,	126.580058	,	97	,	7	)	,
(	1856	,	-6	,	37.492425	,	126.579183	,	98	,	7	)	,
(	1857	,	-4.4	,	37.492128	,	126.57913	,	99	,	7	)	,
(	1858	,	-6	,	37.492075	,	126.578164	,	100	,	7	)	,
(	1859	,	-5.8	,	37.492517	,	126.575756	,	101	,	7	)	,
(	1860	,	-4.2	,	37.495548	,	126.570759	,	102	,	7	)	,
(	1861	,	-3	,	37.494389	,	126.569428	,	103	,	7	)	,
(	1862	,	-2.8	,	37.494158	,	126.568608	,	104	,	7	)	,
(	1863	,	-2	,	37.49423	,	126.567926	,	105	,	7	)	,
(	1864	,	3.6	,	37.496559	,	126.564224	,	106	,	7	)	,
(	1865	,	10.4	,	37.497064	,	126.560927	,	107	,	7	)	,
(	1866	,	11.8	,	37.497978	,	126.559219	,	108	,	7	)	,
(	1867	,	12	,	37.497706	,	126.558764	,	109	,	7	)	,
(	1868	,	-6.2	,	37.493036	,	126.553825	,	110	,	7	)	,
(	1869	,	-6	,	37.495723	,	126.549933	,	111	,	7	)	,
(	1870	,	0.2	,	37.4979	,	126.546409	,	112	,	7	)	,
(	1871	,	2.2	,	37.499396	,	126.542896	,	113	,	7	)	,
(	1872	,	2.4	,	37.501752	,	126.535326	,	114	,	7	)	,
(	1873	,	6.2	,	37.502874	,	126.53308	,	115	,	7	)	,
(	1874	,	3.4	,	37.506954	,	126.527902	,	116	,	7	)	,
(	1875	,	4	,	37.510034	,	126.524315	,	117	,	7	)	,
(	1876	,	3.4	,	37.510316	,	126.52441	,	118	,	7	)	,
(	1877	,	0.6	,	37.510592	,	126.52479	,	119	,	7	)	,
(	1878	,	2	,	37.510822	,	126.524731	,	120	,	7	)	,
(	1879	,	5	,	37.511382	,	126.525148	,	121	,	7	)	,
(	1880	,	15	,	37.51864	,	127.06578	,	0	,	8	)	,
(	1881	,	14.95	,	37.52027	,	127.0648	,	1	,	8	)	,
(	1882	,	15.15	,	37.52093	,	127.06424	,	2	,	8	)	,
(	1883	,	15.49	,	37.52143	,	127.0635	,	3	,	8	)	,
(	1884	,	15.55	,	37.5222	,	127.0629	,	4	,	8	)	,
(	1885	,	15.56	,	37.5228	,	127.062	,	5	,	8	)	,
(	1886	,	15.63	,	37.52498	,	127.05771	,	6	,	8	)	,
(	1887	,	15.71	,	37.52767	,	127.05448	,	7	,	8	)	,
(	1888	,	15.81	,	37.52842	,	127.05313	,	8	,	8	)	,
(	1889	,	16.11	,	37.53002	,	127.04663	,	9	,	8	)	,
(	1890	,	16.37	,	37.53125	,	127.04259	,	10	,	8	)	,
(	1891	,	18.92	,	37.53422	,	127.0313	,	11	,	8	)	,
(	1892	,	22.1	,	37.53456	,	127.02928	,	12	,	8	)	,
(	1893	,	21.15	,	37.53451	,	127.02808	,	13	,	8	)	,
(	1894	,	20.6	,	37.53425	,	127.02697	,	14	,	8	)	,
(	1895	,	21.42	,	37.53359	,	127.02553	,	15	,	8	)	,
(	1896	,	17.31	,	37.52946	,	127.02058	,	16	,	8	)	,
(	1897	,	17.52	,	37.52888	,	127.02021	,	17	,	8	)	,
(	1898	,	17.58	,	37.52859	,	127.01953	,	18	,	8	)	,
(	1899	,	17.39	,	37.52466	,	127.01478	,	19	,	8	)	,
(	1900	,	17.39	,	37.51928	,	127.00864	,	20	,	8	)	,
(	1901	,	17.44	,	37.51891	,	127.00859	,	21	,	8	)	,
(	1902	,	17.4	,	37.51807	,	127.00768	,	22	,	8	)	,
(	1903	,	16.73	,	37.5176	,	127.00746	,	23	,	8	)	,
(	1904	,	15.36	,	37.51734	,	127.00669	,	24	,	8	)	,
(	1905	,	15.16	,	37.51699	,	127.00626	,	25	,	8	)	,
(	1906	,	14.89	,	37.51559	,	127.00548	,	26	,	8	)	,
(	1907	,	14.47	,	37.51429	,	127.00385	,	27	,	8	)	,
(	1908	,	14.14	,	37.51352	,	127.00244	,	28	,	8	)	,
(	1909	,	13.43	,	37.51227	,	127.00146	,	29	,	8	)	,
(	1910	,	13.47	,	37.51194	,	127.00037	,	30	,	8	)	,
(	1911	,	13.38	,	37.51107	,	126.99888	,	31	,	8	)	,
(	1912	,	14.01	,	37.51088	,	126.99825	,	32	,	8	)	,
(	1913	,	12.44	,	37.51384	,	126.99673	,	33	,	8	)	,
(	1914	,	14.48	,	37.519	,	126.9944	,	34	,	8	)	,
(	1915	,	14.5	,	37.51918	,	126.99449	,	35	,	8	)	,
(	1916	,	14.45	,	37.52157	,	127.00018	,	36	,	8	)	,
(	1917	,	15.23	,	37.52217	,	127.0012	,	37	,	8	)	,
(	1918	,	14.89	,	37.52329	,	127.00223	,	38	,	8	)	,
(	1919	,	14.76	,	37.52512	,	127.00318	,	39	,	8	)	,
(	1920	,	14.82	,	37.52592	,	127.004	,	40	,	8	)	,
(	1921	,	14.93	,	37.52652	,	127.00509	,	41	,	8	)	,
(	1922	,	15.15	,	37.52844	,	127.00748	,	42	,	8	)	,
(	1923	,	17.75	,	37.52966	,	127.01023	,	43	,	8	)	,
(	1924	,	17.03	,	37.53033	,	127.01125	,	44	,	8	)	,
(	1925	,	14.17	,	37.53165	,	127.0125	,	45	,	8	)	,
(	1926	,	14.62	,	37.53884	,	127.01703	,	46	,	8	)	,
(	1927	,	15.3	,	37.53997	,	127.01823	,	47	,	8	)	,
(	1928	,	14.91	,	37.54222	,	127.02228	,	48	,	8	)	,
(	1929	,	14.79	,	37.54326	,	127.02387	,	49	,	8	)	,
(	1930	,	15.08	,	37.54426	,	127.0249	,	50	,	8	)	,
(	1931	,	15.36	,	37.54608	,	127.02994	,	51	,	8	)	,
(	1932	,	16.17	,	37.54584	,	127.03045	,	52	,	8	)	,
(	1933	,	17.01	,	37.54458	,	127.03163	,	53	,	8	)	,
(	1934	,	17.28	,	37.54264	,	127.0285	,	54	,	8	)	,
(	1935	,	12.77	,	37.54143	,	127.02882	,	55	,	8	)	,
(	1936	,	17.8	,	37.54109	,	127.03157	,	56	,	8	)	,
(	1937	,	18.12	,	37.5402	,	127.0353	,	57	,	8	)	,
(	1938	,	14.66	,	37.53788	,	127.04155	,	58	,	8	)	,
(	1939	,	17.85	,	37.53384	,	127.05678	,	59	,	8	)	,
(	1940	,	15.01	,	37.53152	,	127.06102	,	60	,	8	)	,
(	1941	,	14.96	,	37.52986	,	127.06455	,	61	,	8	)	,
(	1942	,	14.95	,	37.5287	,	127.06809	,	62	,	8	)	,
(	1943	,	15.13	,	37.52779	,	127.07205	,	63	,	8	)	,
(	1944	,	15.09	,	37.52713	,	127.07568	,	64	,	8	)	,
(	1945	,	18	,	37.52683	,	127.07901	,	65	,	8	)	,
(	1946	,	14.81	,	37.52681	,	127.08177	,	66	,	8	)	,
(	1947	,	14.78	,	37.52715	,	127.08708	,	67	,	8	)	,
(	1948	,	22.01	,	37.52785	,	127.08855	,	68	,	8	)	,
(	1949	,	26.41	,	37.52821	,	127.08903	,	69	,	8	)	,
(	1950	,	27.4	,	37.52851	,	127.08912	,	70	,	8	)	,
(	1951	,	22.13	,	37.53046	,	127.09209	,	71	,	8	)	,
(	1952	,	29.15	,	37.53343	,	127.09535	,	72	,	8	)	,
(	1953	,	30.05	,	37.53344	,	127.09568	,	73	,	8	)	,
(	1954	,	30.67	,	37.52372	,	127.10191	,	74	,	8	)	,
(	1955	,	19.37	,	37.52158	,	127.09798	,	75	,	8	)	,
(	1956	,	18.38	,	37.52025	,	127.09484	,	76	,	8	)	,
(	1957	,	18.24	,	37.52028	,	127.0943	,	77	,	8	)	,
(	1958	,	18	,	37.51927	,	127.09176	,	78	,	8	)	,
(	1959	,	17.69	,	37.51831	,	127.08454	,	79	,	8	)	,
(	1960	,	17.76	,	37.51823	,	127.08075	,	80	,	8	)	,
(	1961	,	14.44	,	37.51962	,	127.07169	,	81	,	8	)	,
(	1962	,	14.36	,	37.51932	,	127.06974	,	82	,	8	)	,
(	1963	,	14.37	,	37.51898	,	127.06929	,	83	,	8	)	,
(	1964	,	14.74	,	37.51834	,	127.0689	,	84	,	8	)	,
(	1965	,	13.52	,	37.51842	,	127.06682	,	85	,	8	)	,
(	1966	,	14.75	,	37.51861	,	127.06599	,	86	,	8	)	,
(	1967	,	242.8	,	37.595259	,	127.577377	,	0	,	9	)	,
(	1968	,	243.8	,	37.595224	,	127.576807	,	1	,	9	)	,
(	1969	,	254.8	,	37.595927	,	127.574917	,	2	,	9	)	,
(	1970	,	262.6	,	37.595872	,	127.573784	,	3	,	9	)	,
(	1971	,	268.8	,	37.596134	,	127.573166	,	4	,	9	)	,
(	1972	,	296.6	,	37.597567	,	127.571037	,	5	,	9	)	,
(	1973	,	306.4	,	37.598441	,	127.570445	,	6	,	9	)	,
(	1974	,	310	,	37.598337	,	127.570006	,	7	,	9	)	,
(	1975	,	320.6	,	37.598536	,	127.569279	,	8	,	9	)	,
(	1976	,	326.6	,	37.598002	,	127.568937	,	9	,	9	)	,
(	1977	,	330.8	,	37.597997	,	127.568721	,	10	,	9	)	,
(	1978	,	348	,	37.599131	,	127.567451	,	11	,	9	)	,
(	1979	,	354.4	,	37.59945	,	127.567695	,	12	,	9	)	,
(	1980	,	362.8	,	37.599591	,	127.567031	,	13	,	9	)	,
(	1981	,	378	,	37.600244	,	127.565641	,	14	,	9	)	,
(	1982	,	403	,	37.601552	,	127.564644	,	15	,	9	)	,
(	1983	,	405.4	,	37.600849	,	127.564778	,	16	,	9	)	,
(	1984	,	407	,	37.60061	,	127.564593	,	17	,	9	)	,
(	1985	,	409.2	,	37.60034	,	127.565036	,	18	,	9	)	,
(	1986	,	414.2	,	37.599866	,	127.56489	,	19	,	9	)	,
(	1987	,	421.6	,	37.599004	,	127.565161	,	20	,	9	)	,
(	1988	,	426	,	37.598581	,	127.564343	,	21	,	9	)	,
(	1989	,	426.6	,	37.598382	,	127.564307	,	22	,	9	)	,
(	1990	,	436.2	,	37.597922	,	127.565362	,	23	,	9	)	,
(	1991	,	439	,	37.597913	,	127.565849	,	24	,	9	)	,
(	1992	,	441.2	,	37.59762	,	127.566001	,	25	,	9	)	,
(	1993	,	443.2	,	37.597481	,	127.565654	,	26	,	9	)	,
(	1994	,	447.6	,	37.596864	,	127.565354	,	27	,	9	)	,
(	1995	,	451.8	,	37.596633	,	127.564443	,	28	,	9	)	,
(	1996	,	458.4	,	37.596142	,	127.564809	,	29	,	9	)	,
(	1997	,	459.2	,	37.595951	,	127.564724	,	30	,	9	)	,
(	1998	,	453.6	,	37.595346	,	127.562935	,	31	,	9	)	,
(	1999	,	451.2	,	37.595019	,	127.563096	,	32	,	9	)	,
(	2000	,	451.2	,	37.594616	,	127.563035	,	33	,	9	)	,
(	2001	,	448.2	,	37.594864	,	127.564894	,	34	,	9	)	,
(	2002	,	447	,	37.59462	,	127.565082	,	35	,	9	)	,
(	2003	,	447	,	37.594303	,	127.565057	,	36	,	9	)	,
(	2004	,	446.6	,	37.594025	,	127.565308	,	37	,	9	)	,
(	2005	,	444.8	,	37.593844	,	127.565321	,	38	,	9	)	,
(	2006	,	442.2	,	37.593531	,	127.565015	,	39	,	9	)	,
(	2007	,	440.4	,	37.59331	,	127.565061	,	40	,	9	)	,
(	2008	,	440.4	,	37.593151	,	127.564902	,	41	,	9	)	,
(	2009	,	437.8	,	37.593161	,	127.564513	,	42	,	9	)	,
(	2010	,	436.4	,	37.592863	,	127.564427	,	43	,	9	)	,
(	2011	,	434.2	,	37.59255	,	127.563898	,	44	,	9	)	,
(	2012	,	430	,	37.592283	,	127.565368	,	45	,	9	)	,
(	2013	,	427.8	,	37.592011	,	127.565242	,	46	,	9	)	,
(	2014	,	426.6	,	37.592038	,	127.564955	,	47	,	9	)	,
(	2015	,	423.6	,	37.591535	,	127.564446	,	48	,	9	)	,
(	2016	,	425.6	,	37.591128	,	127.564906	,	49	,	9	)	,
(	2017	,	432	,	37.590774	,	127.564147	,	50	,	9	)	,
(	2018	,	432	,	37.590454	,	127.564359	,	51	,	9	)	,
(	2019	,	436.4	,	37.589284	,	127.564534	,	52	,	9	)	,
(	2020	,	443.2	,	37.588318	,	127.564449	,	53	,	9	)	,
(	2021	,	445.2	,	37.587961	,	127.564633	,	54	,	9	)	,
(	2022	,	445.2	,	37.587658	,	127.564574	,	55	,	9	)	,
(	2023	,	447.4	,	37.587259	,	127.564862	,	56	,	9	)	,
(	2024	,	449.6	,	37.586899	,	127.564837	,	57	,	9	)	,
(	2025	,	449.6	,	37.586645	,	127.565024	,	58	,	9	)	,
(	2026	,	447.2	,	37.586274	,	127.565692	,	59	,	9	)	,
(	2027	,	443.2	,	37.586505	,	127.566435	,	60	,	9	)	,
(	2028	,	436.2	,	37.585897	,	127.567209	,	61	,	9	)	,
(	2029	,	428	,	37.586138	,	127.567822	,	62	,	9	)	,
(	2030	,	412.2	,	37.586835	,	127.568977	,	63	,	9	)	,
(	2031	,	408	,	37.587097	,	127.568992	,	64	,	9	)	,
(	2032	,	402.4	,	37.587599	,	127.569523	,	65	,	9	)	,
(	2033	,	398.8	,	37.587613	,	127.570336	,	66	,	9	)	,
(	2034	,	398.8	,	37.588096	,	127.570821	,	67	,	9	)	,
(	2035	,	398.8	,	37.588263	,	127.571291	,	68	,	9	)	,
(	2036	,	401	,	37.5893	,	127.571824	,	69	,	9	)	,
(	2037	,	399	,	37.589939	,	127.571834	,	70	,	9	)	,
(	2038	,	399	,	37.590679	,	127.572104	,	71	,	9	)	,
(	2039	,	399	,	37.590492	,	127.572535	,	72	,	9	)	,
(	2040	,	402.2	,	37.591026	,	127.573728	,	73	,	9	)	,
(	2041	,	409	,	37.59031	,	127.573637	,	74	,	9	)	,
(	2042	,	411.4	,	37.590065	,	127.573404	,	75	,	9	)	,
(	2043	,	413.6	,	37.589552	,	127.573487	,	76	,	9	)	,
(	2044	,	417.6	,	37.589183	,	127.574269	,	77	,	9	)	,
(	2045	,	417.6	,	37.589248	,	127.574825	,	78	,	9	)	,
(	2046	,	415.2	,	37.588962	,	127.575134	,	79	,	9	)	,
(	2047	,	408.8	,	37.588854	,	127.574705	,	80	,	9	)	,
(	2048	,	404	,	37.58858	,	127.574536	,	81	,	9	)	,
(	2049	,	404	,	37.587757	,	127.574946	,	82	,	9	)	,
(	2050	,	404	,	37.587717	,	127.574405	,	83	,	9	)	,
(	2051	,	407	,	37.587125	,	127.574137	,	84	,	9	)	,
(	2052	,	408.2	,	37.586893	,	127.5736	,	85	,	9	)	,
(	2053	,	406	,	37.586532	,	127.57368	,	86	,	9	)	,
(	2054	,	406	,	37.586074	,	127.574084	,	87	,	9	)	,
(	2055	,	404.4	,	37.585693	,	127.573715	,	88	,	9	)	,
(	2056	,	404	,	37.584869	,	127.573779	,	89	,	9	)	,
(	2057	,	401.8	,	37.584177	,	127.573095	,	90	,	9	)	,
(	2058	,	403.8	,	37.583029	,	127.573814	,	91	,	9	)	,
(	2059	,	402	,	37.582904	,	127.574535	,	92	,	9	)	,
(	2060	,	397.4	,	37.582396	,	127.57572	,	93	,	9	)	,
(	2061	,	397.4	,	37.582476	,	127.576331	,	94	,	9	)	,
(	2062	,	393	,	37.582007	,	127.576838	,	95	,	9	)	,
(	2063	,	388.4	,	37.582088	,	127.577801	,	96	,	9	)	,
(	2064	,	384	,	37.582752	,	127.578412	,	97	,	9	)	,
(	2065	,	383.6	,	37.582777	,	127.578799	,	98	,	9	)	,
(	2066	,	382	,	37.582528	,	127.579197	,	99	,	9	)	,
(	2067	,	379.8	,	37.581826	,	127.579278	,	100	,	9	)	,
(	2068	,	378.6	,	37.581775	,	127.579542	,	101	,	9	)	,
(	2069	,	376.2	,	37.581982	,	127.579897	,	102	,	9	)	,
(	2070	,	375.6	,	37.581539	,	127.580303	,	103	,	9	)	,
(	2071	,	371.4	,	37.581808	,	127.580913	,	104	,	9	)	,
(	2072	,	369.4	,	37.581446	,	127.581566	,	105	,	9	)	,
(	2073	,	369.4	,	37.581614	,	127.581761	,	106	,	9	)	,
(	2074	,	365.8	,	37.582611	,	127.582055	,	107	,	9	)	,
(	2075	,	364.4	,	37.58323	,	127.581907	,	108	,	9	)	,
(	2076	,	362.2	,	37.583336	,	127.582448	,	109	,	9	)	,
(	2077	,	360.6	,	37.583219	,	127.583235	,	110	,	9	)	,
(	2078	,	360.2	,	37.583749	,	127.583529	,	111	,	9	)	,
(	2079	,	360.2	,	37.583725	,	127.583889	,	112	,	9	)	,
(	2080	,	360.2	,	37.584382	,	127.584277	,	113	,	9	)	,
(	2081	,	360.2	,	37.584713	,	127.584171	,	114	,	9	)	,
(	2082	,	360.2	,	37.585	,	127.584443	,	115	,	9	)	,
(	2083	,	357.8	,	37.58516	,	127.585379	,	116	,	9	)	,
(	2084	,	357.8	,	37.585617	,	127.585805	,	117	,	9	)	,
(	2085	,	368.4	,	37.58451	,	127.587146	,	118	,	9	)	,
(	2086	,	368.4	,	37.583625	,	127.587726	,	119	,	9	)	,
(	2087	,	368.4	,	37.583044	,	127.588687	,	120	,	9	)	,
(	2088	,	374.6	,	37.582484	,	127.588695	,	121	,	9	)	,
(	2089	,	376.8	,	37.582137	,	127.588514	,	122	,	9	)	,
(	2090	,	381	,	37.581487	,	127.588671	,	123	,	9	)	,
(	2091	,	386.2	,	37.580949	,	127.589009	,	124	,	9	)	,
(	2092	,	389.2	,	37.580642	,	127.589731	,	125	,	9	)	,
(	2093	,	389.6	,	37.580674	,	127.590044	,	126	,	9	)	,
(	2094	,	393.2	,	37.581068	,	127.590416	,	127	,	9	)	,
(	2095	,	395.6	,	37.58151	,	127.590411	,	128	,	9	)	,
(	2096	,	395.6	,	37.581706	,	127.590839	,	129	,	9	)	,
(	2097	,	397.8	,	37.582294	,	127.591005	,	130	,	9	)	,
(	2098	,	402	,	37.582122	,	127.591295	,	131	,	9	)	,
(	2099	,	406.4	,	37.581056	,	127.591701	,	132	,	9	)	,
(	2100	,	408.8	,	37.580689	,	127.592318	,	133	,	9	)	,
(	2101	,	410.2	,	37.580954	,	127.592907	,	134	,	9	)	,
(	2102	,	411	,	37.581917	,	127.593132	,	135	,	9	)	,
(	2103	,	415.4	,	37.581594	,	127.593755	,	136	,	9	)	,
(	2104	,	417.6	,	37.582021	,	127.59414	,	137	,	9	)	,
(	2105	,	421.8	,	37.581681	,	127.594673	,	138	,	9	)	,
(	2106	,	421.8	,	37.581752	,	127.594879	,	139	,	9	)	,
(	2107	,	426	,	37.582625	,	127.595087	,	140	,	9	)	,
(	2108	,	427.6	,	37.582778	,	127.595397	,	141	,	9	)	,
(	2109	,	428.2	,	37.583231	,	127.595603	,	142	,	9	)	,
(	2110	,	428.2	,	37.583588	,	127.596454	,	143	,	9	)	,
(	2111	,	423.4	,	37.584342	,	127.596569	,	144	,	9	)	,
(	2112	,	419	,	37.584502	,	127.59704	,	145	,	9	)	,
(	2113	,	416.2	,	37.584746	,	127.59719	,	146	,	9	)	,
(	2114	,	406.4	,	37.585841	,	127.596932	,	147	,	9	)	,
(	2115	,	401.8	,	37.586387	,	127.597083	,	148	,	9	)	,
(	2116	,	395.8	,	37.585816	,	127.597581	,	149	,	9	)	,
(	2117	,	392.2	,	37.58571	,	127.597954	,	150	,	9	)	,
(	2118	,	386	,	37.586114	,	127.59824	,	151	,	9	)	,
(	2119	,	380.4	,	37.58677	,	127.599216	,	152	,	9	)	,
(	2120	,	382.6	,	37.586833	,	127.599836	,	153	,	9	)	,
(	2121	,	384.8	,	37.586628	,	127.600182	,	154	,	9	)	,
(	2122	,	382	,	37.586559	,	127.600866	,	155	,	9	)	,
(	2123	,	380.2	,	37.586699	,	127.601457	,	156	,	9	)	,
(	2124	,	380.2	,	37.58654	,	127.602026	,	157	,	9	)	,
(	2125	,	384.2	,	37.586742	,	127.602458	,	158	,	9	)	,
(	2126	,	384.6	,	37.586566	,	127.602848	,	159	,	9	)	,
(	2127	,	383.4	,	37.586783	,	127.603338	,	160	,	9	)	,
(	2128	,	380.6	,	37.586666	,	127.60388	,	161	,	9	)	,
(	2129	,	380.6	,	37.587242	,	127.604351	,	162	,	9	)	,
(	2130	,	377.6	,	37.586968	,	127.605148	,	163	,	9	)	,
(	2131	,	373.2	,	37.587577	,	127.6057	,	164	,	9	)	,
(	2132	,	372	,	37.587954	,	127.605707	,	165	,	9	)	,
(	2133	,	372	,	37.588232	,	127.605896	,	166	,	9	)	,
(	2134	,	371.6	,	37.588349	,	127.606114	,	167	,	9	)	,
(	2135	,	369.8	,	37.587957	,	127.606465	,	168	,	9	)	,
(	2136	,	369.8	,	37.588006	,	127.606718	,	169	,	9	)	,
(	2137	,	370.4	,	37.587748	,	127.607157	,	170	,	9	)	,
(	2138	,	372	,	37.587925	,	127.607362	,	171	,	9	)	,
(	2139	,	373.2	,	37.588	,	127.607926	,	172	,	9	)	,
(	2140	,	375.8	,	37.588575	,	127.608072	,	173	,	9	)	,
(	2141	,	378.2	,	37.588969	,	127.607651	,	174	,	9	)	,
(	2142	,	378.2	,	37.589181	,	127.607987	,	175	,	9	)	,
(	2143	,	378.2	,	37.589622	,	127.608134	,	176	,	9	)	,
(	2144	,	380.6	,	37.589486	,	127.608631	,	177	,	9	)	,
(	2145	,	382.4	,	37.589005	,	127.608743	,	178	,	9	)	,
(	2146	,	382.4	,	37.589256	,	127.609115	,	179	,	9	)	,
(	2147	,	382.4	,	37.589207	,	127.609675	,	180	,	9	)	,
(	2148	,	382.4	,	37.589584	,	127.609795	,	181	,	9	)	,
(	2149	,	382.4	,	37.58988	,	127.610137	,	182	,	9	)	,
(	2150	,	383.6	,	37.59056	,	127.609437	,	183	,	9	)	,
(	2151	,	380.8	,	37.590838	,	127.609356	,	184	,	9	)	,
(	2152	,	378.4	,	37.5909	,	127.609036	,	185	,	9	)	,
(	2153	,	376	,	37.59063	,	127.608958	,	186	,	9	)	,
(	2154	,	363.8	,	37.589916	,	127.609318	,	187	,	9	)	,
(	2155	,	360.6	,	37.589804	,	127.609239	,	188	,	9	)	,
(	2156	,	342.4	,	37.590386	,	127.607043	,	189	,	9	)	,
(	2157	,	340.4	,	37.590157	,	127.606934	,	190	,	9	)	,
(	2158	,	338.2	,	37.589874	,	127.607143	,	191	,	9	)	,
(	2159	,	332.8	,	37.589529	,	127.606557	,	192	,	9	)	,
(	2160	,	329.2	,	37.589086	,	127.6065	,	193	,	9	)	,
(	2161	,	319.8	,	37.589319	,	127.605268	,	194	,	9	)	,
(	2162	,	318	,	37.589022	,	127.604318	,	195	,	9	)	,
(	2163	,	315.8	,	37.589178	,	127.603727	,	196	,	9	)	,
(	2164	,	311.8	,	37.589472	,	127.603327	,	197	,	9	)	,
(	2165	,	303.8	,	37.58989	,	127.603139	,	198	,	9	)	,
(	2166	,	296	,	37.590257	,	127.603208	,	199	,	9	)	,
(	2167	,	293.6	,	37.590432	,	127.602932	,	200	,	9	)	,
(	2168	,	284.8	,	37.59079	,	127.602796	,	201	,	9	)	,
(	2169	,	291.4	,	37.590445	,	127.602905	,	202	,	9	)	,
(	2170	,	293.6	,	37.590075	,	127.603572	,	203	,	9	)	,
(	2171	,	301	,	37.589743	,	127.603668	,	204	,	9	)	,
(	2172	,	304.4	,	37.589622	,	127.603191	,	205	,	9	)	,
(	2173	,	311	,	37.589283	,	127.60337	,	206	,	9	)	,
(	2174	,	314.2	,	37.589135	,	127.603647	,	207	,	9	)	,
(	2175	,	315.6	,	37.588572	,	127.603112	,	208	,	9	)	,
(	2176	,	319.8	,	37.588181	,	127.602406	,	209	,	9	)	,
(	2177	,	326.2	,	37.588338	,	127.601766	,	210	,	9	)	,
(	2178	,	329.6	,	37.587976	,	127.601296	,	211	,	9	)	,
(	2179	,	330.6	,	37.587645	,	127.600237	,	212	,	9	)	,
(	2180	,	329.6	,	37.587752	,	127.599813	,	213	,	9	)	,
(	2181	,	328.2	,	37.588189	,	127.599405	,	214	,	9	)	,
(	2182	,	328.2	,	37.58826	,	127.599071	,	215	,	9	)	,
(	2183	,	330.4	,	37.588102	,	127.59875	,	216	,	9	)	,
(	2184	,	330.4	,	37.588138	,	127.598369	,	217	,	9	)	,
(	2185	,	330.2	,	37.587767	,	127.598014	,	218	,	9	)	,
(	2186	,	330.2	,	37.587871	,	127.5971	,	219	,	9	)	,
(	2187	,	334.6	,	37.58756	,	127.596248	,	220	,	9	)	,
(	2188	,	337	,	37.587786	,	127.595835	,	221	,	9	)	,
(	2189	,	339.2	,	37.588201	,	127.595558	,	222	,	9	)	,
(	2190	,	341.2	,	37.58831	,	127.595047	,	223	,	9	)	,
(	2191	,	341.2	,	37.588017	,	127.594812	,	224	,	9	)	,
(	2192	,	334.6	,	37.587024	,	127.594695	,	225	,	9	)	,
(	2193	,	334.2	,	37.586818	,	127.594325	,	226	,	9	)	,
(	2194	,	333.8	,	37.587196	,	127.593364	,	227	,	9	)	,
(	2195	,	332.2	,	37.587534	,	127.593059	,	228	,	9	)	,
(	2196	,	328.6	,	37.587602	,	127.591849	,	229	,	9	)	,
(	2197	,	327.6	,	37.588167	,	127.59153	,	230	,	9	)	,
(	2198	,	327.6	,	37.588218	,	127.591268	,	231	,	9	)	,
(	2199	,	326.6	,	37.587755	,	127.59122	,	232	,	9	)	,
(	2200	,	316.8	,	37.587041	,	127.59086	,	233	,	9	)	,
(	2201	,	314.2	,	37.586774	,	127.590937	,	234	,	9	)	,
(	2202	,	310.2	,	37.586517	,	127.591267	,	235	,	9	)	,
(	2203	,	305.4	,	37.586099	,	127.591036	,	236	,	9	)	,
(	2204	,	300.6	,	37.585795	,	127.590486	,	237	,	9	)	,
(	2205	,	297.6	,	37.586039	,	127.590322	,	238	,	9	)	,
(	2206	,	293.6	,	37.586492	,	127.590479	,	239	,	9	)	,
(	2207	,	289.6	,	37.586841	,	127.590396	,	240	,	9	)	,
(	2208	,	283.6	,	37.587289	,	127.58995	,	241	,	9	)	,
(	2209	,	267.2	,	37.588507	,	127.589387	,	242	,	9	)	,
(	2210	,	261	,	37.588797	,	127.588847	,	243	,	9	)	,
(	2211	,	248	,	37.589889	,	127.588553	,	244	,	9	)	,
(	2212	,	228.6	,	37.59023	,	127.587176	,	245	,	9	)	,
(	2213	,	214.8	,	37.59078	,	127.586196	,	246	,	9	)	,
(	2214	,	221.4	,	37.592212	,	127.586203	,	247	,	9	)	,
(	2215	,	222.8	,	37.592447	,	127.58527	,	248	,	9	)	,
(	2216	,	223.6	,	37.592484	,	127.584165	,	249	,	9	)	,
(	2217	,	223.6	,	37.592802	,	127.583502	,	250	,	9	)	,
(	2218	,	226	,	37.59271	,	127.582021	,	251	,	9	)	,
(	2219	,	226	,	37.592983	,	127.581439	,	252	,	9	)	,
(	2220	,	227.4	,	37.593815	,	127.580687	,	253	,	9	)	,
(	2221	,	230.4	,	37.594304	,	127.579892	,	254	,	9	)	,
(	2222	,	233	,	37.594989	,	127.578355	,	255	,	9	)	,
(	2223	,	238.6	,	37.595197	,	127.577339	,	256	,	9	)	,
(	2224	,	132.2	,	37.662336	,	127.370177	,	0	,	10	)	,
(	2225	,	131.4	,	37.662254	,	127.370311	,	1	,	10	)	,
(	2226	,	130.2	,	37.661787	,	127.369821	,	2	,	10	)	,
(	2227	,	130.6	,	37.661339	,	127.369118	,	3	,	10	)	,
(	2228	,	130.6	,	37.661071	,	127.368175	,	4	,	10	)	,
(	2229	,	132	,	37.661018	,	127.367226	,	5	,	10	)	,
(	2230	,	139	,	37.661682	,	127.364025	,	6	,	10	)	,
(	2231	,	144.2	,	37.662842	,	127.361277	,	7	,	10	)	,
(	2232	,	147.8	,	37.662886	,	127.359447	,	8	,	10	)	,
(	2233	,	150.6	,	37.662621	,	127.358286	,	9	,	10	)	,
(	2234	,	151	,	37.662173	,	127.357346	,	10	,	10	)	,
(	2235	,	156	,	37.660693	,	127.355566	,	11	,	10	)	,
(	2236	,	156.4	,	37.660276	,	127.354842	,	12	,	10	)	,
(	2237	,	159.8	,	37.658376	,	127.348008	,	13	,	10	)	,
(	2238	,	165	,	37.659124	,	127.339841	,	14	,	10	)	,
(	2239	,	167.4	,	37.659098	,	127.338376	,	15	,	10	)	,
(	2240	,	170.8	,	37.658557	,	127.336694	,	16	,	10	)	,
(	2241	,	171	,	37.656881	,	127.333755	,	17	,	10	)	,
(	2242	,	189.2	,	37.652439	,	127.324571	,	18	,	10	)	,
(	2243	,	189.2	,	37.65193	,	127.322904	,	19	,	10	)	,
(	2244	,	186.4	,	37.651882	,	127.320741	,	20	,	10	)	,
(	2245	,	171.2	,	37.652274	,	127.315225	,	21	,	10	)	,
(	2246	,	170	,	37.652103	,	127.314797	,	22	,	10	)	,
(	2247	,	164.8	,	37.652203	,	127.312056	,	23	,	10	)	,
(	2248	,	164	,	37.652039	,	127.311666	,	24	,	10	)	,
(	2249	,	166.8	,	37.652248	,	127.311795	,	25	,	10	)	,
(	2250	,	167.6	,	37.652203	,	127.311451	,	26	,	10	)	,
(	2251	,	167.4	,	37.652446	,	127.31117	,	27	,	10	)	,
(	2252	,	174.6	,	37.652606	,	127.308549	,	28	,	10	)	,
(	2253	,	174.4	,	37.652985	,	127.307101	,	29	,	10	)	,
(	2254	,	176.8	,	37.653271	,	127.302481	,	30	,	10	)	,
(	2255	,	179.6	,	37.653293	,	127.300658	,	31	,	10	)	,
(	2256	,	180	,	37.653034	,	127.300269	,	32	,	10	)	,
(	2257	,	180	,	37.652849	,	127.299104	,	33	,	10	)	,
(	2258	,	182.6	,	37.65293	,	127.297591	,	34	,	10	)	,
(	2259	,	180.6	,	37.654391	,	127.294391	,	35	,	10	)	,
(	2260	,	190.2	,	37.655465	,	127.293884	,	36	,	10	)	,
(	2261	,	195.8	,	37.656278	,	127.293052	,	37	,	10	)	,
(	2262	,	193.6	,	37.656725	,	127.291938	,	38	,	10	)	,
(	2263	,	197.4	,	37.657213	,	127.289437	,	39	,	10	)	,
(	2264	,	198	,	37.658185	,	127.287975	,	40	,	10	)	,
(	2265	,	201.4	,	37.658736	,	127.286748	,	41	,	10	)	,
(	2266	,	205	,	37.659177	,	127.286651	,	42	,	10	)	,
(	2267	,	206.4	,	37.65944	,	127.286348	,	43	,	10	)	,
(	2268	,	210.8	,	37.659274	,	127.285098	,	44	,	10	)	,
(	2269	,	207.8	,	37.658815	,	127.283847	,	45	,	10	)	,
(	2270	,	206.2	,	37.656725	,	127.279807	,	46	,	10	)	,
(	2271	,	205.4	,	37.65675	,	127.279311	,	47	,	10	)	,
(	2272	,	211	,	37.656132	,	127.278467	,	48	,	10	)	,
(	2273	,	217	,	37.655505	,	127.276984	,	49	,	10	)	,
(	2274	,	219.4	,	37.655105	,	127.275804	,	50	,	10	)	,
(	2275	,	224.4	,	37.654702	,	127.273757	,	51	,	10	)	,
(	2276	,	231.4	,	37.654764	,	127.269976	,	52	,	10	)	,
(	2277	,	245.2	,	37.656707	,	127.264111	,	53	,	10	)	,
(	2278	,	245.4	,	37.655978	,	127.263267	,	54	,	10	)	,
(	2279	,	245	,	37.655859	,	127.262496	,	55	,	10	)	,
(	2280	,	244.8	,	37.65611	,	127.261779	,	56	,	10	)	,
(	2281	,	246.4	,	37.655957	,	127.2617	,	57	,	10	)	,
(	2282	,	250.4	,	37.655786	,	127.261949	,	58	,	10	)	,
(	2283	,	251.8	,	37.655424	,	127.260864	,	59	,	10	)	,
(	2284	,	245	,	37.655303	,	127.258988	,	60	,	10	)	,
(	2285	,	236	,	37.655386	,	127.255514	,	61	,	10	)	,
(	2286	,	216.2	,	37.654569	,	127.251177	,	62	,	10	)	,
(	2287	,	211.8	,	37.653842	,	127.249314	,	63	,	10	)	,
(	2288	,	212	,	37.653994	,	127.249079	,	64	,	10	)	,
(	2289	,	211.2	,	37.653766	,	127.248587	,	65	,	10	)	,
(	2290	,	201.8	,	37.653705	,	127.245977	,	66	,	10	)	,
(	2291	,	202	,	37.653652	,	127.245818	,	67	,	10	)	,
(	2292	,	202.6	,	37.653223	,	127.245754	,	68	,	10	)	,
(	2293	,	206	,	37.652947	,	127.244805	,	69	,	10	)	,
(	2294	,	201.6	,	37.652833	,	127.24155	,	70	,	10	)	,
(	2295	,	200.2	,	37.652369	,	127.240049	,	71	,	10	)	,
(	2296	,	199.6	,	37.652571	,	127.239958	,	72	,	10	)	,
(	2297	,	197.8	,	37.652644	,	127.238251	,	73	,	10	)	,
(	2298	,	193.4	,	37.652146	,	127.235773	,	74	,	10	)	,
(	2299	,	194	,	37.651971	,	127.233782	,	75	,	10	)	,
(	2300	,	188.8	,	37.651216	,	127.231746	,	76	,	10	)	,
(	2301	,	185.8	,	37.651233	,	127.228924	,	77	,	10	)	,
(	2302	,	182.6	,	37.650611	,	127.22728	,	78	,	10	)	,
(	2303	,	179.2	,	37.648409	,	127.223573	,	79	,	10	)	,
(	2304	,	179.4	,	37.6486	,	127.223277	,	80	,	10	)	,
(	2305	,	177.6	,	37.648001	,	127.221669	,	81	,	10	)	,
(	2306	,	177.6	,	37.648064	,	127.219674	,	82	,	10	)	,
(	2307	,	179.6	,	37.648248	,	127.218735	,	83	,	10	)	,
(	2308	,	185.4	,	37.647766	,	127.216063	,	84	,	10	)	,
(	2309	,	179.6	,	37.647824	,	127.214155	,	85	,	10	)	,
(	2310	,	174.6	,	37.647397	,	127.213662	,	86	,	10	)	,
(	2311	,	169.6	,	37.646863	,	127.213379	,	87	,	10	)	,
(	2312	,	166.2	,	37.645187	,	127.212984	,	88	,	10	)	,
(	2313	,	161.2	,	37.64255	,	127.212629	,	89	,	10	)	,
(	2314	,	161	,	37.642615	,	127.212447	,	90	,	10	)	,
(	2315	,	153	,	37.640331	,	127.210766	,	91	,	10	)	,
(	2316	,	150.8	,	37.6396	,	127.209919	,	92	,	10	)	,
(	2317	,	146.2	,	37.638752	,	127.208072	,	93	,	10	)	,
(	2318	,	144.4	,	37.638298	,	127.207437	,	94	,	10	)	,
(	2319	,	140.6	,	37.635853	,	127.205899	,	95	,	10	)	,
(	2320	,	139	,	37.635062	,	127.205122	,	96	,	10	)	,
(	2321	,	142.4	,	37.633452	,	127.20229	,	97	,	10	)	,
(	2322	,	140.2	,	37.633016	,	127.202302	,	98	,	10	)	,
(	2323	,	142.2	,	37.632573	,	127.200591	,	99	,	10	)	,
(	2324	,	146.4	,	37.632895	,	127.200441	,	100	,	10	)	,
(	2325	,	143.6	,	37.632709	,	127.200913	,	101	,	10	)	,
(	2326	,	142.6	,	37.632899	,	127.200691	,	102	,	10	)	,
(	2327	,	142	,	37.633062	,	127.198992	,	103	,	10	)	,
(	2328	,	141.6	,	37.633431	,	127.198138	,	104	,	10	)	,
(	2329	,	141.2	,	37.634181	,	127.197279	,	105	,	10	)	,
(	2330	,	144	,	37.637067	,	127.195157	,	106	,	10	)	,
(	2331	,	144.8	,	37.637513	,	127.194671	,	107	,	10	)	,
(	2332	,	147.2	,	37.638169	,	127.193637	,	108	,	10	)	,
(	2333	,	144.4	,	37.639229	,	127.190716	,	109	,	10	)	,
(	2334	,	143.8	,	37.639881	,	127.18986	,	110	,	10	)	,
(	2335	,	141.8	,	37.641342	,	127.188512	,	111	,	10	)	,
(	2336	,	143.6	,	37.642707	,	127.186205	,	112	,	10	)	,
(	2337	,	138	,	37.645756	,	127.184635	,	113	,	10	)	,
(	2338	,	135.2	,	37.647569	,	127.183092	,	114	,	10	)	,
(	2339	,	132	,	37.651064	,	127.177889	,	115	,	10	)	,
(	2340	,	131.6	,	37.6513	,	127.177865	,	116	,	10	)	,
(	2341	,	129.2	,	37.6531	,	127.175405	,	117	,	10	)	,
(	2342	,	128.2	,	37.653668	,	127.174044	,	118	,	10	)	,
(	2343	,	128.4	,	37.653956	,	127.172526	,	119	,	10	)	,
(	2344	,	122.8	,	37.654693	,	127.163206	,	120	,	10	)	,
(	2345	,	122	,	37.654397	,	127.161959	,	121	,	10	)	,
(	2346	,	122.4	,	37.653894	,	127.161022	,	122	,	10	)	,
(	2347	,	121.2	,	37.65202	,	127.158973	,	123	,	10	)	,
(	2348	,	120.6	,	37.651296	,	127.157289	,	124	,	10	)	,
(	2349	,	122.2	,	37.650803	,	127.157553	,	125	,	10	)	,
(	2350	,	121.8	,	37.650735	,	127.157376	,	126	,	10	)	,
(	2351	,	121.8	,	37.650755	,	127.157152	,	127	,	10	)	,
(	2352	,	120.8	,	37.65122	,	127.156888	,	128	,	10	)	,
(	2353	,	120	,	37.650317	,	127.151819	,	129	,	10	)	,
(	2354	,	120.6	,	37.650219	,	127.151133	,	130	,	10	)	,
(	2355	,	119.8	,	37.650347	,	127.151048	,	131	,	10	)	,
(	2356	,	115.4	,	37.650101	,	127.151238	,	132	,	10	)	,
(	2357	,	119.4	,	37.649392	,	127.151331	,	133	,	10	)	,
(	2358	,	120.4	,	37.649902	,	127.151165	,	134	,	10	)	,
(	2359	,	120.2	,	37.649942	,	127.150939	,	135	,	10	)	,
(	2360	,	121.2	,	37.650233	,	127.151114	,	136	,	10	)	,
(	2361	,	121.2	,	37.650567	,	127.153011	,	137	,	10	)	,
(	2362	,	117	,	37.650185	,	127.152988	,	138	,	10	)	,
(	2363	,	119	,	37.649571	,	127.153289	,	139	,	10	)	,
(	2364	,	118.8	,	37.648643	,	127.153325	,	140	,	10	)	,
(	2365	,	118.6	,	37.645675	,	127.153111	,	141	,	10	)	,
(	2366	,	113.6	,	37.643885	,	127.152134	,	142	,	10	)	,
(	2367	,	114	,	37.640027	,	127.150868	,	143	,	10	)	,
(	2368	,	114	,	37.639505	,	127.150551	,	144	,	10	)	,
(	2369	,	114.2	,	37.638117	,	127.150344	,	145	,	10	)	,
(	2370	,	115	,	37.63834	,	127.148808	,	146	,	10	)	,
(	2371	,	114.6	,	37.639535	,	127.148778	,	147	,	10	)	,
(	2372	,	114.8	,	37.640793	,	127.148328	,	148	,	10	)	,
(	2373	,	115.8	,	37.642459	,	127.146827	,	149	,	10	)	,
(	2374	,	117.2	,	37.643968	,	127.145884	,	150	,	10	)	,
(	2375	,	119	,	37.644313	,	127.144155	,	151	,	10	)	,
(	2376	,	117	,	37.645638	,	127.141932	,	152	,	10	)	,
(	2377	,	118.2	,	37.645804	,	127.140893	,	153	,	10	)	,
(	2378	,	118.2	,	37.645733	,	127.14079	,	154	,	10	)	,
(	2379	,	121.2	,	37.645567	,	127.141472	,	155	,	10	)	,
(	2380	,	123.8	,	37.645509	,	127.140902	,	156	,	10	)	,
(	2381	,	122.4	,	37.646832	,	127.140695	,	157	,	10	)	,
(	2382	,	122.6	,	37.646822	,	127.140259	,	158	,	10	)	,
(	2383	,	120.4	,	37.646367	,	127.139153	,	159	,	10	)	,
(	2384	,	121.8	,	37.644983	,	127.137417	,	160	,	10	)	,
(	2385	,	122	,	37.644052	,	127.13383	,	161	,	10	)	,
(	2386	,	124.8	,	37.642665	,	127.131421	,	162	,	10	)	,
(	2387	,	126.2	,	37.640965	,	127.126751	,	163	,	10	)	,
(	2388	,	125.2	,	37.641276	,	127.12497	,	164	,	10	)	,
(	2389	,	126	,	37.639182	,	127.120483	,	165	,	10	)	,
(	2390	,	127.4	,	37.638908	,	127.120354	,	166	,	10	)	,
(	2391	,	127.4	,	37.638806	,	127.119646	,	167	,	10	)	,
(	2392	,	128.6	,	37.638125	,	127.118044	,	168	,	10	)	,
(	2393	,	136	,	37.637298	,	127.111953	,	169	,	10	)	,
(	2394	,	131.8	,	37.636515	,	127.109541	,	170	,	10	)	,
(	2395	,	128.6	,	37.63444	,	127.105491	,	171	,	10	)	,
(	2396	,	129.6	,	37.633753	,	127.103836	,	172	,	10	)	,
(	2397	,	124.2	,	37.632275	,	127.101251	,	173	,	10	)	,
(	2398	,	124.4	,	37.631181	,	127.100035	,	174	,	10	)	,
(	2399	,	124.6	,	37.630271	,	127.098467	,	175	,	10	)	,
(	2400	,	124.4	,	37.630378	,	127.098178	,	176	,	10	)	,
(	2401	,	125.2	,	37.630089	,	127.097732	,	177	,	10	)	,
(	2402	,	124.6	,	37.629406	,	127.096971	,	178	,	10	)	,
(	2403	,	120.8	,	37.626729	,	127.095154	,	179	,	10	)	,
(	2404	,	119.8	,	37.625244	,	127.092836	,	180	,	10	)	,
(	2405	,	120.2	,	37.625744	,	127.093538	,	181	,	10	)	,
(	2406	,	120	,	37.625771	,	127.09381	,	182	,	10	)	,
(	2407	,	120	,	37.625569	,	127.093988	,	183	,	10	)	,
(	2408	,	120	,	37.624669	,	127.092504	,	184	,	10	)	,
(	2409	,	119.6	,	37.624465	,	127.092532	,	185	,	10	)	,
(	2410	,	120.2	,	37.624697	,	127.09306	,	186	,	10	)	,
(	2411	,	121	,	37.624546	,	127.093236	,	187	,	10	)	,
(	2412	,	120.2	,	37.624369	,	127.093255	,	188	,	10	)	,
(	2413	,	120.2	,	37.624185	,	127.092983	,	189	,	10	)	,
(	2414	,	119.8	,	37.623194	,	127.090484	,	190	,	10	)	,
(	2415	,	120.4	,	37.623262	,	127.09014	,	191	,	10	)	,
(	2416	,	119	,	37.622832	,	127.089686	,	192	,	10	)	,
(	2417	,	118	,	37.621799	,	127.087355	,	193	,	10	)	,
(	2418	,	114.4	,	37.619759	,	127.081989	,	194	,	10	)	,
(	2419	,	117	,	37.620002	,	127.0801	,	195	,	10	)	,
(	2420	,	117	,	37.620827	,	127.078609	,	196	,	10	)	,
(	2421	,	116.4	,	37.621633	,	127.078192	,	197	,	10	)	,
(	2422	,	121.8	,	37.624678	,	127.077706	,	198	,	10	)	,
(	2423	,	122.2	,	37.625748	,	127.077331	,	199	,	10	)	,
(	2424	,	121.8	,	37.627086	,	127.076582	,	200	,	10	)	,
(	2425	,	122	,	37.62744	,	127.076599	,	201	,	10	)	,
(	2426	,	120.6	,	37.628441	,	127.075533	,	202	,	10	)	,
(	2427	,	117	,	37.630915	,	127.071693	,	203	,	10	)	,
(	2428	,	116.8	,	37.631457	,	127.070163	,	204	,	10	)	,
(	2429	,	116.4	,	37.63154	,	127.06889	,	205	,	10	)	,
(	2430,	119.6	,	37.630486	,	127.062651	,	206	,	10	)	;